ID,LabelIdx,AreaName,Experiment,Cellline,Passage,Day,Condition,LRRK2,NucMaskSum,FOXA2MaskSum,NonTH_FOXA2,TH_FOXA2,THMaskSum,FOXA2ByNuc,THByNuc,NucMaskHigh,NonTH_FOXA2byNucPerim,TH_FOXA2byNucPerim,THFragmentation,SkelTH,Nodes,Links,THPercent
PD038,1,BILLWT_p6_d70,DAN2017_3,H3,p6,d70,H,WT,286387,23949132,30716571,101581,102136,83.62506678,0.3566363,0,22.14601781,0.073237818,0.640596851,4662,290,694,2.427184466
PD039,2,BILLWT_p5_d70,DAN2017_3,H3,p5,d70,H,WT,2244916,24588098,30746473,144745,146615,10.952792,0.065309793,0,4.987117649,0.023477826,0.632049927,6429,391,922,1.41509434
PD040,3,BILLWT_p4_d70,DAN2017_3,H3,p4,d70,H,WT,21797304,46283221,52968315,5004208,6106788,2.123346126,0.280162538,576168,3.005232744,0.283920864,0.517135849,233028,15875,34693,40.69156293
PD041,4,BILLWT_p6_d70,DAN2017_3,H3,p6,d70,H,WT,25896379,44544676,48941577,4335759,5287296,1.720112144,0.204171247,2164115,4.698399812,0.41623361,0.526323852,213852,14408,31061,52.3853211
PD042,5,BILLWT_p4_d70,DAN2017_3,H3,p4,d70,H,WT,22519398,48173125,52045614,7652462,8974863,2.139183516,0.398539206,719639,2.243413217,0.329857467,0.489254042,355788,26705,56067,44.7147651
PD043,6,BILLWT_p6_d70,DAN2017_3,H3,p6,d70,H,WT,10644084,36058427,35755443,4471148,5184085,3.387649609,0.487039091,78015,3.446247304,0.430946464,0.504368852,203868,14841,31342,53.57798165
PD044,7,BILLWT_p5_d70,DAN2017_3,H3,p5,d70,H,WT,18033934,54705248,49210759,7649703,9207966,3.033461695,0.510591089,549019,3.192221647,0.496223753,0.490662867,379662,28027,59751,62.454324
PD045,8,BILLWT_p4_d70,DAN2017_3,H3,p4,d70,H,WT,9075110,31832859,26885164,7665022,8663193,3.50771054,0.954610247,121063,2.785924293,0.794273414,0.496133239,383815,30116,62375,81.24156545
PD046,9,BILLWT_p6_d70,DAN2017_3,H3,p6,d70,H,WT,21059320,54847393,48672638,3784659,4875085,2.604423742,0.231492992,475430,6.341657257,0.493110939,0.466852783,151338,10035,21684,34.18447108
PD047,10,BILLWT_p5_d70,DAN2017_3,H3,p5,d70,H,WT,9814214,19557759,21421442,2891662,3663615,1.992799321,0.373296833,53030,1.632797072,0.22040987,0.515293501,152326,10581,22695,46.0306644
PD048,11,BILLWT_p4_d70,DAN2017_3,H3,p4,d70,H,WT,18820732,33530361,42725541,4968120,6117588,1.781565191,0.325045168,492937,2.230968617,0.259416722,0.514821855,235002,15816,34438,38.8568684
PD049,12,BILLWT_p6_d35,DAN2017_3,H3,p6,d35,H,WT,20668661,49767731,44322948,8427575,10896014,2.407883655,0.527175611,483008,3.635166121,0.691191279,0.46665331,385016,27490,57277,57.5617284
PD050,13,BILLWT_p5_d35,DAN2017_3,H3,p5,d35,H,WT,11617470,15658849,21168862,1735818,2280410,1.347870836,0.196291447,39840,1.09561978,0.089839337,0.530141071,94995,5920,13419,29.58647475
PD051,14,BILLWT_p4_d35,DAN2017_3,H3,p4,d35,H,WT,17711899,58465998,54886467,5520651,7081610,3.300944636,0.399822176,1029615,8.21724922,0.8265164,0.475736167,243274,17075,36217,49.05395936
PD052,15,BILLWT_p5_d35,DAN2017_3,H3,p5,d35,H,WT,14538109,39693676,35895190,8479897,10097669,2.730319053,0.694565504,166069,2.773172887,0.6551357,0.48588293,383276,28157,58221,71.05069802
PD053,16,BILLWT_p6_d35,DAN2017_3,H3,p6,d35,H,WT,24686297,69694064,60330124,9204400,11690450,2.823188265,0.473560291,1544049,5.728809194,0.874028559,0.497930619,450199,33202,69282,61.58382477
PD054,1,WT_p6_d70,DAN2017_4,H3,p6,d70,H,WT,286387,23949132,30716571,101581,102136,83.62506678,0.3566363,0,22.14601781,0.073237818,0.640596851,4662,290,694,2.427184466
PD055,2,WT_p6_d70,DAN2017_4,H3,p6,d70,H,WT,2244916,24588098,30746473,144745,146615,10.952792,0.065309793,0,4.987117649,0.023477826,0.632049927,6429,391,922,1.41509434
PD056,3,WT_p6_d70,DAN2017_4,H3,p6,d70,H,WT,21797304,46283221,52968315,5004208,6106788,2.123346126,0.280162538,576168,3.005232744,0.283920864,0.517135849,233028,15875,34693,40.69156293
PD057,4,WT_p5_d70,DAN2017_4,H3,p5,d70,H,WT,25896379,44544676,48941577,4335759,5287296,1.720112144,0.204171247,2164115,4.698399812,0.41623361,0.526323852,213852,14408,31061,52.3853211
PD058,5,WT_p5_d70,DAN2017_4,H3,p5,d70,H,WT,22519398,48173125,52045614,7652462,8974863,2.139183516,0.398539206,719639,2.243413217,0.329857467,0.489254042,355788,26705,56067,44.7147651
PD059,6,WT_p5_d70,DAN2017_4,H3,p5,d70,H,WT,10644084,36058427,35755443,4471148,5184085,3.387649609,0.487039091,78015,3.446247304,0.430946464,0.504368852,203868,14841,31342,53.57798165
PD060,7,WT_p4_d70,DAN2017_4,H3,p4,d70,H,WT,18033934,54705248,49210759,7649703,9207966,3.033461695,0.510591089,549019,3.192221647,0.496223753,0.490662867,379662,28027,59751,62.454324
PD061,8,WT_p4_d70,DAN2017_4,H3,p4,d70,H,WT,9075110,31832859,26885164,7665022,8663193,3.50771054,0.954610247,121063,2.785924293,0.794273414,0.496133239,383815,30116,62375,81.24156545
PD062,9,WT_p4_d70,DAN2017_4,H3,p4,d70,H,WT,21059320,54847393,48672638,3784659,4875085,2.604423742,0.231492992,475430,6.341657257,0.493110939,0.466852783,151338,10035,21684,34.18447108
PD063,10,WT_p6_d35,DAN2017_4,H3,p6,d35,H,WT,9814214,19557759,21421442,2891662,3663615,1.992799321,0.373296833,53030,1.632797072,0.22040987,0.515293501,152326,10581,22695,46.0306644
PD064,11,WT_p6_d35,DAN2017_4,H3,p6,d35,H,WT,18820732,33530361,42725541,4968120,6117588,1.781565191,0.325045168,492937,2.230968617,0.259416722,0.514821855,235002,15816,34438,38.8568684
PD065,12,WT_p5_d35,DAN2017_4,H3,p5,d35,H,WT,20668661,49767731,44322948,8427575,10896014,2.407883655,0.527175611,483008,3.635166121,0.691191279,0.46665331,385016,27490,57277,57.5617284
PD066,13,WT_p5_d35,DAN2017_4,H3,p5,d35,H,WT,11617470,15658849,21168862,1735818,2280410,1.347870836,0.196291447,39840,1.09561978,0.089839337,0.530141071,94995,5920,13419,29.58647475
PD067,14,WT_p5_d35,DAN2017_4,H3,p5,d35,H,WT,17711899,58465998,54886467,5520651,7081610,3.300944636,0.399822176,1029615,8.21724922,0.8265164,0.475736167,243274,17075,36217,49.05395936
PD068,15,WT_p4_d35,DAN2017_4,H3,p4,d35,H,WT,14538109,39693676,35895190,8479897,10097669,2.730319053,0.694565504,166069,2.773172887,0.6551357,0.48588293,383276,28157,58221,71.05069802
PD069,16,WT_p4_d35,DAN2017_4,H3,p4,d35,H,WT,24686297,69694064,60330124,9204400,11690450,2.823188265,0.473560291,1544049,5.728809194,0.874028559,0.497930619,450199,33202,69282,61.58382477
PD070,1,BillWT_p10_d70,DAN2017_5,H3,p10,d70,H,WT,1382396,19291863,25382376,475025,562414,13.95538109,0.406840008,489,3.583219398,0.06705908,0.618803942,22747,1493,3561,32.97709924
PD071,2,BillWT_p10_d70,DAN2017_5,H3,p10,d70,H,WT,3802759,36560136,46528939,924366,1117131,9.614108073,0.293768551,0,2.614449181,0.051939889,0.597399052,40956,2544,6120,30.3121853
PD072,3,BillWT_p10_d70,DAN2017_5,H3,p10,d70,H,WT,4463499,37615629,44842628,1003999,1240991,8.427386004,0.27803098,0,2.39606709,0.053646476,0.610159139,49785,3247,7719,33.82631779
PD073,4,BillWT_p9_d70,DAN2017_5,H3,p9,d70,H,WT,3383356,29643762,30366215,5076548,5463395,8.761644355,1.614785733,0,2.368783684,0.396007341,0.528504529,213329,15768,33398,79.7187669
PD074,5,BillWT_p9_d70,DAN2017_5,H3,p9,d70,H,WT,6891059,34322354,36654228,4830191,5308582,4.98070819,0.770357938,33,2.077522496,0.273770067,0.505764816,181611,12535,26998,58.97900072
PD075,6,BillWT_p8_d70,DAN2017_5,H3,p8,d70,H,WT,18121502,54657439,48439711,8811835,10177760,3.01616494,0.561639979,168609,2.753417435,0.500883668,0.457569151,316068,22042,46260,74.24368582
PD076,7,BillWT_p8_d70,DAN2017_5,H3,p8,d70,H,WT,6224940,25820268,24008810,3969748,4671965,4.147874196,0.7505237,525,2.580044724,0.42659871,0.492644744,162763,11821,25365,77.79690189
PD077,8,BillWT_p8_d70,DAN2017_5,H3,p8,d70,H,WT,7511922,31916526,29076891,6534016,7318163,4.248782935,0.974206468,13008,2.151882377,0.483560429,0.501016717,265192,19493,40374,81.9740987
PD078,9,BillWT_p7_d70,DAN2017_5,H3,p7,d70,H,WT,19970146,63220151,57687595,10322231,12122384,3.16573304,0.607025307,963680,3.425712562,0.612974009,0.481256492,441499,32094,66286,83.32364904
PD079,10,BillWT_p7_d70,DAN2017_5,H3,p7,d70,H,WT,8917811,32848266,37404050,9258394,10464084,3.683444962,1.173391542,11,1.734067293,0.429222991,0.475014822,371766,28339,58691,74.5408805
PD080,11,BillWT_p7_d70,DAN2017_5,H3,p7,d70,H,WT,5871986,34157999,32723260,8008204,8861628,5.817111791,1.509136432,0,2.05861317,0.503794372,0.485049248,331962,25850,53182,81.54340836
PD081,12,BillWT_p10_d35,DAN2017_5,H3,p10,d35,H,WT,20420603,42970899,48064146,6372386,8013841,2.104291386,0.392438999,520427,3.073602202,0.407500835,0.500255121,298923,20313,42679,60.1848682
PD082,13,BillWT_p10_d35,DAN2017_5,H3,p10,d35,H,WT,16893727,27030339,36835667,5687979,7036369,1.600022245,0.416507796,117493,1.831949992,0.282880532,0.496932438,241828,16010,33983,59.68705548
PD083,14,BillWT_p9_d35,DAN2017_5,H3,p9,d35,H,WT,17287820,53626760,49313072,9485206,11859112,3.101996666,0.685980766,393431,4.692130092,0.902515676,0.479064031,439135,32357,66538,85.13104839
PD084,15,BillWT_p9_d35,DAN2017_5,H3,p9,d35,H,WT,18315204,37220194,38813584,8729973,11025903,2.032201989,0.6020082,387357,3.599861806,0.809682929,0.459450351,368389,26218,53921,74.38271605
PD085,16,BillWT_p9_d35,DAN2017_5,H3,p9,d35,H,WT,14712776,41287319,37135708,6184406,7468701,2.806222225,0.507633706,357968,2.805426476,0.467202519,0.483431724,245957,16828,35427,76.13908873
PD086,17,BillWT_p8_d35,DAN2017_5,H3,p8,d35,H,WT,26268779,65490731,62371773,11334835,14564056,2.493101449,0.554424551,1189762,4.161520937,0.756274047,0.500236061,593405,43171,89539,69.76135992
PD087,18,BillWT_p8_d35,DAN2017_5,H3,p8,d35,H,WT,15503616,33157559,31891471,4481893,5783132,2.138698417,0.373018269,600207,3.226081213,0.453379865,0.497243535,216008,15220,32039,57.33600401
PD088,19,BillWT_p8_d35,DAN2017_5,H3,p8,d35,H,WT,9384866,33145378,32187656,8806734,10572834,3.531790225,1.126583374,4968,1.987402568,0.543765156,0.466906791,370859,26878,55036,81.85391418
PD089,20,BillWT_p7_d35,DAN2017_5,H3,p7,d35,H,WT,19630015,51630507,48892233,4807800,6493615,2.63018174,0.330800308,3567874,9.195326791,0.904219125,0.481466949,243551,16900,35673,56.07394366
PD090,21,BillWT_p7_d35,DAN2017_5,H3,p7,d35,H,WT,11140780,31482393,27405562,4130337,5125136,2.825869733,0.460033858,429540,2.851949646,0.429821988,0.517845965,204725,14461,30165,73.44809598
PD091,22,BillWT_p7_d35,DAN2017_5,H3,p7,d35,H,WT,11901270,35336270,28544114,4024676,5517538,2.969117582,0.463609178,1719069,5.153624856,0.726653147,0.477477092,207489,14159,29999,75.02206531
PD098,7,WT_p5_d70,DAN2017_6,H3,p5,d70,H,WT,8439386,31014536,31045082,4622435,5359452,3.674975407,0.63505236,54629,3.106636868,0.462560446,0.502370765,201078,14611,30255,76.43343052
PD099,8,WT_p6_d70,DAN2017_6,H3,p6,d70,H,WT,7579782,18194650,16959288,1927012,2506327,2.40041864,0.33065951,66803,2.062943336,0.234403506,0.528944547,95189,6366,13998,55.31135531
PD100,9,WT_p4_d70,DAN2017_6,H3,p4,d70,H,WT,12818613,35532749,26769482,7764979,9436206,2.771965188,0.736133153,925362,3.302819233,0.958043267,0.454437514,302599,21808,44038,82.07650273
PD101,10,WT_p4_d35,DAN2017_6,H3,p4,d35,H,WT,12172832,35403807,27616686,7002079,8271435,2.908428129,0.679499643,269295,3.783093679,0.959185356,0.469913866,274275,19436,39484,74.10824108
PD102,11,WT_p6_d35,DAN2017_6,H3,p6,d35,H,WT,11204792,35486923,29165835,7132211,8528391,3.167120193,0.761137824,133879,2.306951314,0.564141693,0.482692808,300493,21702,44084,78.34645669
PD103,12,WT_p5_d35,DAN2017_6,H3,p5,d35,H,WT,11174192,33142276,31574227,5146515,6420808,2.965966219,0.574610495,10180,2.867049373,0.46732142,0.473699728,215119,14472,30354,69.95762712
PD272,6,BILL_p14_d10,DAN2018_14,H3,p14,d10,H,WT,1658124,581831,1166461,15388,29355,0.350897158,0.017703742,13,0.42566334,0.005615368,0.608720831,1270,55,123,3.291139241
PD273,7,BILL_p14_d10,DAN2018_14,H3,p14,d10,H,WT,3225398,765480,1860932,27365,60320,0.237328851,0.018701568,4479,0.959159743,0.014104441,0.610179045,2679,96,236,4.273504274
PD274,8,BILL_p14_d10,DAN2018_14,H3,p14,d10,H,WT,3942308,688841,1694594,18887,52952,0.174730386,0.013431726,300399,1.500332454,0.016721869,0.592479982,2174,62,148,1.092896175
PD275,9,BILL_p13_d10,DAN2018_14,H3,p13,d10,H,WT,4908980,226721,787675,17714,47058,0.046184951,0.009586105,2218,0.076833951,0.001727916,0.640379957,2185,89,218,2.211874272
PD276,10,BILL_p13_d10,DAN2018_14,H3,p13,d10,H,WT,5740011,1454736,3610198,60257,106136,0.253437842,0.018490557,27028,0.652397592,0.010889021,0.591976332,4556,163,401,4.60251046
PD277,11,BILL_p13_d10,DAN2018_14,H3,p13,d10,H,WT,2351609,543743,1565005,15830,24636,0.231221687,0.010476231,1764,0.224802519,0.002273874,0.616983277,1123,36,84,2.233676976
PD284,7,BILL_p18_d10,DAN2018_15,H3,p18,d10,H,WT,7080511,1268695,2434909,191514,342154,0.179181277,0.048323348,44294,0.986675933,0.077605469,0.549404654,12374,610,1404,7.425742574
PD285,8,BILL_p18_d10,DAN2018_15,H3,p18,d10,H,WT,2267695,6280,29176,1031,11775,0.002769332,0.005192497,0,0.005694963,0.000201244,0.646624204,451,16,41,1.290322581
PD286,9,BILL_p18_d10,DAN2018_15,H3,p18,d10,H,WT,6058303,1079516,2024718,91118,188178,0.178187852,0.031061173,1091,0.190507742,0.008573384,0.567526491,6715,307,737,3.060587133
PD287,10,BILL_p15_d10,DAN2018_15,H3,p15,d10,H,WT,5011400,1333042,2433104,98246,150270,0.266001916,0.029985633,10767,1.72376821,0.069603819,0.568543289,5728,272,645,2.403846154
PD288,11,BILL_p15_d10,DAN2018_15,H3,p15,d10,H,WT,12727412,2906875,4460863,188442,345347,0.228394822,0.02713411,90137,0.885016709,0.037386111,0.558704723,12156,584,1361,2.029312289
PD289,12,BILL_p15_d10,DAN2018_15,H3,p15,d10,H,WT,3315592,752228,1594302,47524,78458,0.226875924,0.023663346,3545,0.562692109,0.016773096,0.578156466,2890,123,308,1.861702128
PD290,13,BILL_p15_d10,DAN2018_15,H3,p15,d10,H,WT,8416800,3813588,5628574,263106,420274,0.453092387,0.049932754,9759,1.758881006,0.082218364,0.549010883,15219,862,1996,2.570093458
PD131,4,A13WT_p5_d35,DAN2017_9,H4,p5,d35,H,WT,9346180,20707287,19096082,1155965,1555040,2.215588294,0.166382415,1575542,3.280932787,0.198608462,0.576006405,73152,4610,9913,31.64029975
PD132,5,A13WT_p7_d35,DAN2017_9,H4,p7,d35,H,WT,8509774,22661524,21743886,1984901,2433858,2.662999511,0.28600736,691829,3.571855132,0.326058499,0.597691402,121767,8534,18726,56.08163265
PD133,6,A13WT_p7_d35,DAN2017_9,H4,p7,d35,H,WT,13483873,25390087,21000503,2982692,3620737,1.882996599,0.268523517,5223582,4.69957942,0.667479152,0.568058381,167838,11466,24306,68.71227364
PD134,7,A13WT_p7_d35,DAN2017_9,H4,p7,d35,H,WT,10930238,20569753,20757491,1666081,2079230,1.881912635,0.190227331,1503918,3.655668865,0.293418913,0.593873694,99547,6118,13658,51.49812734
PD136,2,A13WT_p8_d70,DAN2018_1,H4,p8,d70,H,WT,617222,75653122,119735995,113732,160249,122.5703588,0.259629436,0,74.34640162,0.070618405,0.45416196,4071,227,528,0
PD137,3,A13WT_p8_d70,DAN2018_1,H4,p8,d70,H,WT,498200,5077528,13113572,71185,241732,10.19174629,0.485210759,0,12.61267233,0.068465944,0.557973293,9752,483,1149,0
PD138,4,A13WT_p6_d70,DAN2018_1,H4,p6,d70,H,WT,817886,14218079,22431569,48275,71243,17.38393737,0.087106272,0,23.90138465,0.051438192,0.528767739,2681,162,360,0
PD139,5,A13WT_p6_d70,DAN2018_1,H4,p6,d70,H,WT,689993,16256072,23316669,284641,1683527,23.55976365,2.439918956,6266,14.55453393,0.177676198,0.569222234,82164,6284,13771,42.15686275
PD140,6,A13WT_p8_d35,DAN2018_1,H4,p8,d35,H,WT,466171,22063565,31020229,83616,150866,47.32933838,0.323628025,0,51.40829686,0.138572676,0.539233492,5375,360,795,0
PD141,7,A13WT_p8_d35,DAN2018_1,H4,p8,d35,H,WT,866469,81272981,92035231,535172,678736,93.79790968,0.783335584,4685,37.01986361,0.215265331,0.557844287,25994,1609,3644,25.35211268
PD257,7,A13WT_p11_d10,DAN2018_12,H4,p11,d10,H,WT,9501444,8695781,13496358,260635,516506,0.915206257,0.05436079,34178,2.983182248,0.057609742,0.57507754,21430,1200,2665,8.201892744
PD258,8,A13WT_p11_d10,DAN2018_12,H4,p11,d10,H,WT,7429960,3890976,6841760,115523,315912,0.523687342,0.042518668,61459,1.707434062,0.028829995,0.603468687,13548,695,1598,5.82010582
PD259,9,A13WT_p10_d10,DAN2018_12,H4,p10,d10,H,WT,6029965,6897958,10243857,511378,1107472,1.143946607,0.183661431,7943,1.105652723,0.055194687,0.57700601,48757,2809,6156,23.38772339
PD292,2,A13WT_p13_d10,DAN2018_16,H4,p13,d10,H,WT,79674,330752,751607,11805,48997,4.151316615,0.614968497,0,1.0653008,0.016731984,0.642529134,2371,88,227,0
PD293,3,A13WT_p13_d10,DAN2018_16,H4,p13,d10,H,WT,5139826,1163687,2375834,32408,77002,0.226405913,0.014981441,10133,0.905206175,0.012347631,0.604698579,2848,123,299,0.455580866
PD294,4,A13WT_p13_d10,DAN2018_16,H4,p13,d10,H,WT,5520120,209452,616255,25318,112111,0.037943378,0.020309522,5538,0.102506511,0.004211341,0.550302825,3427,134,318,2.297702298
PD295,5,A13WT_p11_d10,DAN2018_16,H4,p11,d10,H,WT,9963564,13308913,16126101,354864,477995,1.335758269,0.047974299,134677,17.40737051,0.383059062,0.481944372,14215,632,1443,13.20754717
PD296,6,A13WT_p11_d10,DAN2018_16,H4,p11,d10,H,WT,2589260,9640818,14889246,2343,2944,3.723387377,0.001137004,0,1.004806376,0.000158118,0.5703125,62,3,9,0
PD297,7,A13WT_p11_d10,DAN2018_16,H4,p11,d10,H,WT,5611011,8287803,9870248,24587,33936,1.477060551,0.006048108,1853,6.026377408,0.015011836,0.581889439,1151,60,156,0.934579439
PD298,8,A13WT_p9_d10,DAN2018_16,H4,p9,d10,H,WT,4746330,12696085,14569620,631323,760051,2.674926733,0.160134462,3997,3.10011505,0.134332531,0.526977795,29791,1832,3826,10.4524181
PD299,9,A13WT_p9_d10,DAN2018_16,H4,p9,d10,H,WT,5752627,13434682,16229793,858976,1166880,2.335399462,0.202842979,2856,1.882139348,0.099613872,0.498337447,36555,2094,4529,24.07862408
PD300,10,A13WT_p9_d10,DAN2018_16,H4,p9,d10,H,WT,3946440,8466823,9228009,545988,684477,2.145433099,0.173441633,950,1.097459754,0.064932734,0.463388836,22833,1143,2595,19.37172775
PD301,11,A13WT_p9_d10,DAN2018_16,H4,p9,d10,H,WT,5822251,12933893,15455190,530977,671739,2.221459192,0.115374449,58652,3.099025428,0.106469815,0.537979781,25127,1400,3082,16.62049861
PD113,1,T4Mut_p6_d35,DAN2017_8,P2,p6,d35,PD,MUT,12064003,11318260,15088218,1604378,2096900,0.938184448,0.173814612,926349,1.97274931,0.209768681,0.541981496,88266,5314,11375,30.54272517
PD114,2,T4Mut_p6_d35,DAN2017_8,P2,p6,d35,PD,MUT,12116060,3165349,5392951,1330226,2018440,0.261252338,0.16659211,1250800,1.252272362,0.308885665,0.549114167,85000,5060,10838,36.94736842
PD115,3,T4Mut_p6_d35,DAN2017_8,P2,p6,d35,PD,MUT,10781890,8480999,11146502,1789326,2370598,0.786596691,0.219868502,1220399,2.578453419,0.413914046,0.517741937,91424,5673,12059,50.70921986
PD116,4,T4Mut_p6_d35,DAN2017_8,P2,p6,d35,PD,MUT,14192245,15977640,17302691,2495359,3294671,1.125800745,0.232145866,2009415,3.637766548,0.524631313,0.527817497,133939,8870,18938,39.8019802
PD117,5,T4Mut_p7_d35,DAN2017_8,P2,p7,d35,PD,MUT,18685835,8493659,13188542,1792200,2396374,0.45455068,0.128245486,3324628,1.297201954,0.176277661,0.540361396,91158,5587,12521,28.31692452
PD118,6,T4Mut_p7_d35,DAN2017_8,P2,p7,d35,PD,MUT,19074801,14266344,19869389,2793007,3655896,0.747915745,0.19166103,3033329,2.154145622,0.302804671,0.550954951,152377,9721,21315,44.35318275
PD119,7,T4Mut_p5_d35,DAN2017_8,P2,p5,d35,PD,MUT,13062094,14608609,13407811,1594972,2215425,1.118397173,0.169607185,4283952,2.895812352,0.344481259,0.5112545,89004,5364,11943,22.33502538
PD120,8,T4Mut_p5_d35,DAN2017_8,P2,p5,d35,PD,MUT,17020913,30426401,28407530,3371854,4342631,1.787589244,0.255135021,4093478,4.06100442,0.482024097,0.548048867,185348,12411,26738,38.68762816
PD215,2,T4.6Mut_p9_d35,DAN2018_9,P2,p9,d35,PD,MUT,1188403,233791411,245409000,32323,39676,196.727382,0.033385981,2001,111.2088924,0.014647405,0.522154451,1276,42,102,3.448275862
PD216,3,T4.6Mut_p8_d35,DAN2018_9,P2,p8,d35,PD,MUT,668909,29164566,31011319,85057,129873,43.60019973,0.194156455,319,17.22923801,0.047255884,0.482094046,3655,264,615,14.73684211
PD217,4,T4.6Mut_p8_d35,DAN2018_9,P2,p8,d35,PD,MUT,1897764,49301753,63729984,299469,374108,25.97886407,0.197130939,8445,10.39148566,0.048829885,0.442495215,7971,442,1041,11.44278607
PD218,5,T4.6Mut_p8_d35,DAN2018_9,P2,p8,d35,PD,MUT,1054372,90167913,95912463,225405,255310,85.51812169,0.242144139,1140,30.17020295,0.070903346,0.441087306,5149,295,698,11.69590643
PD219,6,T4.6Mut_p89_d35,DAN2018_9,P2,p89,d35,PD,MUT,2122235,86146823,97982561,358605,449309,40.59249942,0.211715008,8995,12.60113549,0.046118719,0.459109432,10994,654,1535,12.83095723
PD220,8,T4.6Mut_p8_d35,DAN2018_9,P2,p8,d35,PD,MUT,470232,63611050,66252756,305,1322,135.2758851,0.002811378,1221,97.52230923,0.000448952,0.656580938,65,4,10,6.976744186
PD221,13,T4.6Mut_p7_d35,DAN2018_9,P2,p7,d35,PD,MUT,1589245,247908150,280176830,119134,132279,155.9911467,0.083233863,2910,51.17253236,0.021759074,0.475782248,3063,166,380,5.866666667
PD222,14,T4.6Mut_p7_d35,DAN2018_9,P2,p7,d35,PD,MUT,1100002,29068286,41057456,96547,119665,26.4256665,0.108786166,364,9.005494877,0.021176507,0.455070405,2520,158,373,6.161137441
PD223,15,T4.6Mut_p7_d35,DAN2018_9,P2,p7,d35,PD,MUT,1104566,73127443,97586645,354148,406080,66.20468401,0.367637606,7012,19.77906136,0.071779443,0.481693262,10264,590,1342,13.30645161
PD224,16,T4.6Mut_p7_d35,DAN2018_9,P2,p7,d35,PD,MUT,893611,43408793,51849693,155566,183779,48.57683377,0.205658838,1319,11.88701128,0.035664913,0.488548746,5096,304,723,16.81818182
PD225,17,T4.6Mut_p7_d35,DAN2018_9,P2,p7,d35,PD,MUT,1747707,151023357,168547664,330346,351780,86.41228593,0.201280878,2176,30.28884947,0.059364811,0.477659333,9211,611,1386,13.52313167
PD226,18,T4.6Mut_p5_d35,DAN2018_9,P2,p5,d35,PD,MUT,877309,206158771,211563752,86128,88171,234.9899192,0.100501648,20,130.0927666,0.052961009,0.437728959,1625,101,239,3.75
PD227,1,T4.6MUT_p9_d70,DAN2018_10,P2,p9,d70,PD,MUT,966380,41792689,57317593,240778,348824,43.24664107,0.360959457,16574,12.0303704,0.050536814,0.554193519,13468,756,1747,24.07407407
PD228,2,T4.6MUT_p9_d70,DAN2018_10,P2,p9,d70,PD,MUT,882463,92608266,100363445,173940,279186,104.9429449,0.316371338,25429,28.63643082,0.049629831,0.554902466,10788,561,1303,39.67391304
PD229,3,T4.6MUT_p8_d70,DAN2018_10,P2,p8,d70,PD,MUT,212679,6156248,13258809,55569,137699,28.94619591,0.647449913,26,28.96871928,0.121410812,0.565581449,5639,277,645,5.882352941
PD230,4,T4.6MUT_p8_d70,DAN2018_10,P2,p8,d70,PD,MUT,451496,3177499,7461616,93928,225197,7.037712405,0.498779613,85,18.48568165,0.232700679,0.56272064,9429,519,1252,7.142857143
PD231,5,T4.6MUT_p7_d70,DAN2018_10,P2,p7,d70,PD,MUT,2296492,74674408,85739157,289706,682636,32.51672899,0.297251634,71439,8.968339692,0.030303328,0.615077435,35305,2459,5627,44.2
PD232,6,T4.6MUT_p7_d70,DAN2018_10,P2,p7,d70,PD,MUT,316840,53058412,71100954,3304,5765,167.461217,0.018195304,7290,82.81062478,0.003848138,0.555247181,161,9,20,10.52631579
PD233,7,T4.6MUT_p7_d70,DAN2018_10,P2,p7,d70,PD,MUT,924821,47320431,49950506,6384,9716,51.16712423,0.010505817,30899,13.84345443,0.001769284,0.490942775,214,14,30,1.843317972
PD234,8,T4.6MUT_p7_d70,DAN2018_10,P2,p7,d70,PD,MUT,595112,45049511,46742467,6966,9890,75.6992146,0.016618721,18153,33.49926827,0.004992375,0.670778564,514,30,73,7.246376812
PD235,9,T4.6MUT_p7_d70,DAN2018_10,P2,p7,d70,PD,MUT,899278,220834714,248305975,14346,19015,245.5689053,0.021144741,27335,71.55507216,0.00413413,0.579121746,662,40,89,5.142857143
PD241,1,T4.6MUT_p12_d10,DAN2018_11cd,P2,p12,d10,PD,MUT,6442214,238878325,232596840,78111,89660,37.08015986,0.013917576,1710,63.5470037,0.021340445,0.575284408,3923,156,383,3.564356436
PD245,1,T4.6MUT_p14_d10,DAN2018_11e,P2,p14,d10,PD,MUT,10859558,14987955,17153011,224211,295786,1.380162526,0.027237388,44063,11.99487772,0.156787839,0.548994881,10655,430,984,2.030456853
PD246,2,T4.6MUT_p14_d10,DAN2018_11e,P2,p14,d10,PD,MUT,14920094,21136080,25102181,182737,253799,1.416618421,0.01701055,359408,10.09272478,0.073472271,0.579375805,9608,413,979,4.481792717
PD247,3,T4.6MUT_p14_d10,DAN2018_11e,P2,p14,d10,PD,MUT,7100374,5669835,8424326,105791,140223,0.798526247,0.019748678,2453,3.850856398,0.048358284,0.569271803,5149,241,579,3.184713376
PD248,1,T4.6MUT_p15_d10,DAN2018_11f,P2,p15,d10,PD,MUT,5137008,2728857,4307269,137046,178143,0.531215252,0.034678358,457,1.464357679,0.04659202,0.541497561,6251,278,659,4.292929293
PD249,2,T4.6MUT_p15_d10,DAN2018_11f,P2,p15,d10,PD,MUT,5152937,1084136,2453739,57358,80305,0.21039186,0.015584316,350,0.461135261,0.010779385,0.473880829,2082,111,262,2.291105121
PD250,3,T4.6MUT_p15_d10,DAN2018_11f,P2,p15,d10,PD,MUT,5194108,2858970,4298286,112272,142575,0.550425598,0.027449371,623,0.914860427,0.023896318,0.529517798,4554,194,448,6.125574273
PD308,1,T4.6MUT_p14_d10,DAN2018_18,P2,p14,d10,PD,MUT,14523835,6910815,13054897,106347,173749,0.475825772,0.011963025,9117,1.596985362,0.013009264,0.550604608,5994,254,599,1.677852349
PD309,2,T4.6MUT_p14_d10,DAN2018_18,P2,p14,d10,PD,MUT,8165661,2529675,4017565,42817,73725,0.309794271,0.009028663,958,1.197898233,0.012766541,0.499681248,2151,101,231,1.535087719
PD310,3,T4.6MUT_p13_d10,DAN2018_18,P2,p13,d10,PD,MUT,3035691,301111,1194295,7839,32021,0.099190267,0.010548175,0,0.093048261,0.000610741,0.534805284,1023,45,103,1.113063855
PD311,4,T4.6MUT_p13_d10,DAN2018_18,P2,p13,d10,PD,MUT,6208563,5087629,7894081,42134,54397,0.819453551,0.008761609,85702,6.526380145,0.034834011,0.628067724,2285,94,236,0
PD312,5,T4.6MUT_p13_d10,DAN2018_18,P2,p13,d10,PD,MUT,7389531,3208309,6383985,13865,21630,0.434169503,0.002927114,3824,0.556442431,0.001208504,0.611234397,864,30,76,0.51843318
PD313,6,T4.6MUT_p13_d10,DAN2018_18,P2,p13,d10,PD,MUT,4720506,2384070,4317528,37865,54383,0.505045434,0.011520587,933,0.63833177,0.005598211,0.597521284,2203,103,250,0.60851927
PD314,7,T4.6MUT_p11_d10,DAN2018_18,P2,p11,d10,PD,MUT,9269207,4316508,7087483,90713,136004,0.465682555,0.014672668,24906,2.020080575,0.025855098,0.62274639,6060,247,595,2.00927357
PD315,8,T4.6MUT_p11_d10,DAN2018_18,P2,p11,d10,PD,MUT,6038954,2193570,4438693,32212,59549,0.363236746,0.009860814,7969,1.907747434,0.013844697,0.605921174,2584,107,245,2.586206897
PD316,9,T4.6MUT_p11_d10,DAN2018_18,P2,p11,d10,PD,MUT,2527386,2039820,3508262,23815,29508,0.807086848,0.011675304,164,0.52908243,0.00359155,0.629422529,1335,39,97,1.334604385
PD317,10,T4.6MUT_p11_d10,DAN2018_18,P2,p11,d10,PD,MUT,1625652,1350150,2187984,13017,16440,0.830528305,0.010112865,0,0.5758674,0.003426015,0.602737226,669,20,47,0.333889816
PD324,1,T4.6MUT_p9_d70,DAN2018_19,P2,p9,d70,PD,MUT,104464,1977,14206,1585,17712,0.01892518,0.169551233,0,0.020400748,0.002276164,0.530544264,546,28,66,4.347826087
PD325,2,T4.6MUT_p9_d70,DAN2018_19,P2,p9,d70,PD,MUT,3665188,12991,71292,4135,148354,0.003544429,0.040476505,0,0.006111729,0.000354486,0.578750826,5066,240,586,2.540540541
PD326,3,T4.6MUT_p9_d70,DAN2018_19,P2,p9,d70,PD,MUT,2729086,16315,59995,18086,139027,0.005978192,0.050942697,0,0.005542354,0.00167079,0.555769743,4759,233,560,2.47410817
PD327,4,T4.6MUT_p8_d70,DAN2018_19,P2,p8,d70,PD,MUT,5595511,7883,29167,7451,54584,0.001408808,0.009754963,0,0.001663875,0.000425053,0.498351165,1517,67,157,1.067995728
PD328,5,T4.6MUT_p8_d70,DAN2018_19,P2,p8,d70,PD,MUT,1189458,435312,1518938,56926,133870,0.365975091,0.112547059,0,0.294936497,0.011053483,0.547120341,3888,203,471,3.978779841
PD104,1,IM5Mut_p5_d35,DAN2017_7,P3,p5,d35,PD,MUT,2784370,279576,912162,50408,163265,0.100409069,0.058636244,0,0.098770461,0.005458264,0.612292898,6158,266,682,4.931506849
PD105,2,IM5Mut_p5_d35,DAN2017_7,P3,p5,d35,PD,MUT,8728404,289841,963351,80971,309389,0.033206644,0.035446228,12,0.068839856,0.005786086,0.628955781,14177,769,1839,5.605644845
PD106,3,IM5Mut_p6_d35,DAN2017_7,P3,p6,d35,PD,MUT,6484246,791607,2201107,434112,1122124,0.12208158,0.173053891,0,0.135480627,0.026720085,0.628451936,58813,3656,8230,22.62985834
PD171,1,IM5MUT_p8_d35,DAN2018_5,P3,p8,d35,PD,MUT,1550657,123611236,137959209,572285,691777,79.71539547,0.446118645,6288,21.87411104,0.090738601,0.540924315,26072,1636,3778,28.28282828
PD172,2,IM5MUT_p8_d35,DAN2018_5,P3,p8,d35,PD,MUT,1949655,67084782,92766296,472524,662700,34.40853997,0.339906291,9693,9.107003464,0.046388375,0.541776068,24769,1652,3741,28.81355932
PD173,3,IM5MUT_p7_d35,DAN2018_5,P3,p7,d35,PD,MUT,795127,32150983,33264412,8427,13219,40.43502862,0.016625017,17305,9.436182592,0.002390504,0.628943188,666,36,81,4.102564103
PD174,4,IM5MUT_p7_d35,DAN2018_5,P3,p7,d35,PD,MUT,805893,43417394,54857970,63786,68118,53.87488662,0.084524869,8401,18.70293452,0.021746801,0.535321061,2482,131,295,3.804347826
PD175,5,IM5MUT_p5_d35,DAN2018_5,P3,p5,d35,PD,MUT,1542166,237475148,249615919,24155,38282,153.9880584,0.024823527,809,51.34331948,0.004968425,0.584530589,1397,89,220,5.704697987
PD176,6,IM5MUT_p5_d35,DAN2018_5,P3,p5,d35,PD,MUT,1056157,125895372,135392507,42643,56821,119.2013801,0.053799767,2078,35.76945627,0.011265889,0.529575333,1198,49,120,7.894736842
PD177,7,IM5MUT_p7_d35,DAN2018_5,P3,p7,d35,PD,MUT,651400,35888924,48087944,39288,46535,55.09506294,0.07143844,178,44.50621716,0.036361718,0.591468787,2266,122,286,10.34482759
PD178,8,IM5MUT_p7_d35,DAN2018_5,P3,p7,d35,PD,MUT,636482,71008452,87710472,24537,30656,111.5639594,0.048164756,91,86.36329102,0.024160126,0.513439457,990,37,92,1.724137931
PD179,9,IM5MUT_p6_d35,DAN2018_5,P3,p6,d35,PD,MUT,794861,425273309,435302791,67870,73743,535.0285257,0.092774712,1389,214.0293764,0.033370275,0.569776114,2546,144,342,8.910891089
PD180,10,IM5MUT_p5_d35,DAN2018_5,P3,p5,d35,PD,MUT,1167251,291516731,305563298,34833,43230,249.7463964,0.037035736,3472,100.7540639,0.011485562,0.537751561,1242,63,162,13.20754717
PD181,11,IM5MUT_p5_d35,DAN2018_5,P3,p5,d35,PD,MUT,2508678,109518304,124357770,107479,239366,43.65578364,0.095415195,59086,14.4063078,0.012450976,0.56377681,8146,444,1063,21.29742962
PD182,12,IM5MUT_p5_d35,DAN2018_5,P3,p5,d35,PD,MUT,1105239,341703567,348766032,203625,240116,309.1671277,0.217252558,3432,84.56184599,0.049370937,0.621212247,11880,703,1634,31.60621762
PD183,13,IM5MUT_p5_d35,DAN2018_5,P3,p5,d35,PD,MUT,1227223,151666152,165665485,31507,49216,123.584835,0.040103551,5009,40.64779263,0.007730578,0.638369636,2426,103,260,22.26890756
PD184,1,IM5MUT_p7_d70,DAN2018_6,P3,p7,d70,PD,MUT,634956,52563292,65886555,109323,326074,82.78257391,0.513537946,4019,31.24909233,0.051850404,0.646451419,17566,1214,2752,18
PD185,2,IM5MUT_p7_d70,DAN2018_6,P3,p7,d70,PD,MUT,753469,77672624,89382244,74325,352604,103.0866884,0.46797413,2617,39.91545709,0.033191339,0.586317796,15784,1132,2446,22.36842105
PD186,3,IM5MUT_p7_d70,DAN2018_6,P3,p7,d70,PD,MUT,537752,2156593,4085387,7030,68679,4.010385828,0.127715006,698,2.056928474,0.003539495,0.636424526,2932,140,334,19.51219512
PD187,4,IM5MUT_p5_d70,DAN2018_6,P3,p5,d70,PD,MUT,4675854,71535938,82283293,333981,946789,15.29901019,0.202484723,181380,7.597992264,0.030839615,0.612174413,48546,3228,7276,44.82323232
PD188,5,IM5MUT_p5_d70,DAN2018_6,P3,p5,d70,PD,MUT,3975527,3503887,6289733,119599,559421,0.881364156,0.140716187,128662,0.731706247,0.013913363,0.638633516,29399,1854,4305,44.55782313
PD189,6,IM5MUT_p5_d70,DAN2018_6,P3,p5,d70,PD,MUT,5292596,100625934,108010754,270335,832113,19.01258551,0.157222089,194472,6.788786921,0.016991333,0.617090467,40510,2379,5476,38.91547049
PD190,7,IM5MUT_p8_d70,DAN2018_6,P3,p8,d70,PD,MUT,1090348,70001558,80633062,1167800,1885417,64.20111561,1.729188296,15427,21.62844847,0.313242502,0.550578466,82871,5613,12351,71.89542484
PD191,8,IM5MUT_p8_d70,DAN2018_6,P3,p8,d70,PD,MUT,1436811,38515434,52232341,2124605,3275221,26.80619372,2.279507186,23588,8.569751004,0.348583569,0.553353804,143781,10271,22313,81.33333333
PD192,9,IM5MUT_p7_d70,DAN2018_6,P3,p7,d70,PD,MUT,2598857,4403522,6916754,7594,21223,1.694407195,0.008166282,221268,1.356573664,0.001489401,0.49097677,539,26,63,1.62601626
PD193,10,IM5MUT_p7_d70,DAN2018_6,P3,p7,d70,PD,MUT,3824015,2254872,4083326,3716,16624,0.589660867,0.004347263,457558,1.241146858,0.001129496,0.602743022,385,15,34,2.766798419
PD194,11,IM5MUT_p7_d70,DAN2018_6,P3,p7,d70,PD,MUT,5729593,18165021,25727587,6533,28357,3.170385924,0.004949217,263449,2.800557138,0.000711145,0.498254399,633,24,60,1.381909548
PD195,12,IM5MUT_p7_d70,DAN2018_6,P3,p7,d70,PD,MUT,2148591,788348,1670646,1148,4462,0.366913945,0.00207671,224417,0.570894023,0.000392295,0.596145226,140,10,19,0.35971223
PD196,13,IM5MUT_p5_d70,DAN2018_6,P3,p5,d70,PD,MUT,1751378,94070165,98322598,237975,266940,53.71208557,0.152417125,11773,13.41119011,0.03245976,0.568045254,10631,596,1378,13.92111369
PD260,1,IM5MUT_p12_d10,DAN2018_13,P3,p12,d10,PD,MUT,3653903,3720099,6123010,67412,101877,1.018116518,0.027881693,1592,3.604414532,0.039683226,0.540023754,3235,140,343,2.34375
PD261,2,IM5MUT_p12_d10,DAN2018_13,P3,p12,d10,PD,MUT,1513076,1991022,2961113,22508,35043,1.315877061,0.023160106,0,2.958255325,0.022486278,0.523613846,1035,51,127,2.298850575
PD262,3,IM5MUT_p11_d10,DAN2018_13,P3,p11,d10,PD,MUT,1366074,83896,302558,0,268,0.06141395,0.000196183,0,0.277294273,0,0.847014925,20,1,2,0
PD263,4,IM5MUT_p11_d10,DAN2018_13,P3,p11,d10,PD,MUT,1388636,897181,1817235,19912,42572,0.64608796,0.030657422,0,0.997617994,0.010931206,0.527130508,1274,60,148,0.606060606
PD264,5,IM5MUT_p11_d10,DAN2018_13,P3,p11,d10,PD,MUT,2626189,2922794,4515517,57216,77105,1.112941224,0.029360035,11,3.364984913,0.042637637,0.560197134,2700,142,344,0.943396226
PD265,6,IM5MUT_p9_d10,DAN2018_13,P3,p9,d10,PD,MUT,11270262,30780187,35773322,514859,617455,2.731097733,0.054786215,1588885,6.713982743,0.096629394,0.507821623,20320,1233,2738,7.299270073
PD334,2,IM5MUT_p7_d70,DAN2018_20,P3,p7,d70,PD,MUT,1915656,2658494,6370852,2113,3422,1.387772126,0.001786333,0,0.874245429,0.000289958,0.609000584,70,2,6,0.066401062
PD335,3,IM5MUT_p7_d70,DAN2018_20,P3,p7,d70,PD,MUT,1517908,1870823,4409913,1687,2719,1.232500916,0.001791281,0,0.809044192,0.000309498,0.618977565,64,1,3,0
PD336,4,IM5MUT_p5_d70,DAN2018_20,P3,p5,d70,PD,MUT,8394717,907377,2212219,532684,1332180,0.108089052,0.158692663,13303,0.202289263,0.048709578,0.620176703,67081,4355,9925,28.65671642
PD337,5,IM5MUT_p5_d70,DAN2018_20,P3,p5,d70,PD,MUT,3994797,1562226,3435352,416529,732717,0.391065178,0.183417831,98,0.537293918,0.065145725,0.606535675,33731,2108,4748,18.31501832