ID,LabelIdx,AreaName,Experiment,ObjectSlide,Cellline,Replicate,Staining,Condition,Section,NucMaskSum,Tuj1MaskSum,MAP2MaskSum,THMaskSum,Tuj1ByNuc,MAP2ByNuc,THByNuc,NucMaskHigh,NucMaskAlive,THFragmentation,SkelTH,Nodes,Links,THPercent,THByTuj1,THByMap2,THByNucAlive,Tuj1ByNucAlive,MAP2ByNucAlive,NucAliveByNuc,NucDeadByNuc
12_2,2,K7_Rep1_CTRL_NAC_Center1,TOX12,1,K7,1,181123,CTRL_NAC,Center,30254331,31179438,19311653,17236646,1.030577672,0.638310363,0.56972491,19834245,10420086,0.414745769,754204,44700,95797,42.65805574,0.552820933,0.892551559,1.654175023,2.992243826,1.853310328,0.344416342,0.655583658
12_3,3,K7_Rep2_6OHDA_NAC_Center1,TOX12,1,K7,2,181123,6OHDA_NAC,Center,24887711,35848171,25998206,16527869,1.440396467,1.044620214,0.664097594,18289485,6598226,0.368531116,857875,37870,83428,41.875,0.461051946,0.635731135,2.504895861,5.433001386,3.940181194,0.265119842,0.734880158
12_4,4,K7_Rep1_CTRL_NAC_Center1,TOX12,1,K7,1,181123,CTRL_NAC,Center,9599876,8558918,403176,8120358,0.891565474,0.041998042,0.845881551,19586,9580290,0.374256406,402400,20128,41875,22.7938977,0.948759878,20.14097565,0.847610876,0.893388196,0.042083904,0.997959765,0.002040235
12_5,5,K7_Rep2_6OHDA_Center1,TOX12,1,K7,2,181123,6OHDA,Center,36461007,71202973,34507724,28085796,1.952852619,0.946428166,0.770296772,20780727,15680280,0.354421146,820009,53069,106188,59.17460317,0.394446957,0.813898825,1.791153984,4.540924843,2.200708406,0.430056142,0.569943858
12_6,6,K7_Rep2_6OHDA_NAC_Border2,TOX12,1,K7,2,181123,6OHDA_NAC,Border,17021862,19577602,12747403,7715930,1.150144561,0.74888417,0.453295298,12179776,4842086,0.43123188,397810,22650,49032,30.7628866,0.394120281,0.605294271,1.593513622,4.043216498,2.63262631,0.284462769,0.715537231
12_7,7,K7_Rep1_6OHDA_NAC_Border1,TOX12,1,K7,1,181123,6OHDA_NAC,Border,8601460,11774689,9241945,3222302,1.368917486,1.074462359,0.37462268,4871513,3729947,0.459024325,137686,8563,18142,40.86471409,0.273663449,0.34866059,0.863900211,3.156797938,2.477768451,0.433641149,0.566358851
12_8,8,K7_Rep2_6OHDA_Center1,TOX12,1,K7,2,181123,6OHDA,Center,15556539,12830836,3161026,5545537,0.824787313,0.203195968,0.35647627,87864,15468675,0.507579699,286007,17128,36794,29.10222936,0.432203872,1.754347164,0.3585011,0.829472208,0.204350146,0.994351957,0.005648043
12_9,9,K7_Rep1_6OHDA_NAC_Border1,TOX12,1,K7,1,181123,6OHDA_NAC,Border,15779998,23105233,16910352,7763121,1.464210135,1.071632075,0.491959568,10404032,5375966,0.424100694,330175,19440,40947,41.38090825,0.33598973,0.459075068,1.444042057,4.297875582,3.145546679,0.340682299,0.659317701
12_10,10,K7_Rep2_CTRL_Center1,TOX12,1,K7,2,181123,CTRL,Center,44174026,84756421,26984018,46769983,1.918693601,0.610857113,1.058766593,27912867,16261159,0.347161982,2588463,118566,265909,47.72182254,0.551816399,1.733247547,2.876177707,5.212200496,1.659415421,0.368115847,0.631884153
12_11,11,K7_Rep1_6OHDA_Border1,TOX12,1,K7,1,181123,6OHDA,Border,26275165,29078938,15950148,14311094,1.106708102,0.607042734,0.544662384,15806825,10468340,0.383672415,607027,33744,71336,53.14043754,0.492146378,0.897238947,1.367083415,2.77779839,1.5236559,0.39841196,0.60158804
12_12,12,K7_Rep2_CTRL_NAC_Border2,TOX12,1,K7,2,181123,CTRL_NAC,Border,13076730,14486435,7821908,5795475,1.107802562,0.598154737,0.443189926,9742494,3334236,0.431832939,251008,15595,33070,40.02911208,0.400062196,0.740928556,1.738171803,4.344753941,2.34593712,0.254974753,0.745025247
12_13,1,T12.9_Rep1_6OHDA_NAC_Center,TOX12,2,T129,1,181123,6OHDA_NAC,Center,16494499,21772427,11912610,6668863,1.319981104,0.722217146,0.404308309,6894020,9600479,0.417868833,290058,18604,39023,47.75280899,0.306298558,0.559815439,0.69463857,2.26784799,1.240834963,0.582041261,0.417958739
12_14,2,T12.9_Rep1_6OHDA_NAC_Center,TOX12,2,T129,1,181123,6OHDA_NAC,Center,10917578,13461907,9598903,3370475,1.23304885,0.879215427,0.308720029,7761598,3155980,0.408277765,149595,9113,19398,31.53846154,0.250371288,0.35113127,1.067964626,4.265523546,3.041496778,0.289073272,0.710926728
12_15,3,T12.9_Rep1_6OHDA_NAC_Border,TOX12,2,T129,1,181123,6OHDA_NAC,Border,9733425,12642711,8191779,2461058,1.298896432,0.841613204,0.252846043,5709261,4024164,0.461064306,117321,7394,15843,37.3015873,0.194662205,0.300430224,0.611570006,3.141698748,2.035647404,0.413437613,0.586562387
12_16,4,T12.9_Rep1_6OHDA_Center,TOX12,2,T129,1,181123,6OHDA,Center,6590585,7509685,8486712,1385624,1.139456513,1.287702382,0.210242945,3667640,2922945,0.402237548,72858,4188,8736,12.84263959,0.184511601,0.163269827,0.474050658,2.569218716,2.903479881,0.443503118,0.556496882
12_17,5,T12.9_Rep1_6OHDA_NAC_Border,TOX12,2,T129,1,181123,6OHDA_NAC,Border,15312492,17678200,11479394,4370887,1.154495297,0.749675102,0.285445831,11312435,4000057,0.428492203,192199,11707,24954,43.90934844,0.247247288,0.380759385,1.092706179,4.419487022,2.869807605,0.261228349,0.738771651
12_18,6,T12.9_Rep1_CTRL_NAC_Center,TOX12,2,T129,1,181123,CTRL_NAC,Center,6926616,6191151,6538801,885507,0.893820446,0.944010899,0.127841214,3805790,3120826,0.503678684,63473,3030,6576,11.26984127,0.143027847,0.135423451,0.283741227,1.983818066,2.095214857,0.450555654,0.549444346
12_19,7,T12.9_Rep1_6OHDA_Border,TOX12,2,T129,1,181123,6OHDA,Border,11346679,40314686,13150773,3161542,3.552994317,1.158997536,0.278631483,5974028,5372651,0.410981414,133479,8602,18157,18.56353591,0.078421596,0.240407313,0.588451027,7.503685983,2.447725155,0.473499867,0.526500133
12_20,8,T12.9_Rep1_CTRL_NAC_Center,TOX12,2,T129,1,181123,CTRL_NAC,Center,11484048,15216728,10357182,4803160,1.325031731,0.901875541,0.418246249,6552268,4931780,0.300062667,201890,10566,23007,16.42670157,0.315649987,0.463751627,0.973920167,3.08544339,2.100090028,0.429446133,0.570553867
12_22,10,T12.9_Rep1_CTRL_Center,TOX12,2,T129,1,181123,CTRL,Center,27129203,30777921,17470942,14405795,1.13449411,0.643990242,0.531006937,9864917,17264286,0.374886356,587328,33273,69503,42.59664478,0.468056143,0.824557428,0.8344275,1.782750877,1.011970145,0.636372768,0.363627232
12_23,11,T12.9_Rep1_CTRL_NAC_Border,TOX12,2,T129,1,181123,CTRL_NAC,Border,5751111,18091731,8643032,5313479,3.145780181,1.502845624,0.92390479,2300993,3450118,0.394730082,373662,17859,39920,42.23826715,0.293696551,0.614770257,1.540086165,5.243800647,2.505140984,0.59990461,0.40009539
12_24,12,T12.9_Rep1_CTRL_Center,TOX12,2,T129,1,181123,CTRL,Center,5681051,12914673,5204480,3783391,2.273289397,0.916112177,0.665966737,433421,5247630,0.436445242,224802,7942,17428,41.34284959,0.292952907,0.726948898,0.720971372,2.461048702,0.99177724,0.923707603,0.076292397
12_25,13,T12.9_Rep1_CTRL_Border,TOX12,2,T129,1,181123,CTRL,Border,5845330,22552635,13276975,6964869,3.858231272,2.271381599,1.191527082,1651949,4193381,0.37944059,330957,18178,38995,55.68693694,0.308827283,0.52458252,1.660919673,5.378150709,3.166174264,0.717389951,0.282610049
12_26,2,T12.9_Rep2_6OHDA_NAC_Border,TOX12,3,T129,2,181123,6OHDA_NAC,Border,5679166,8880285,5832205,1145585,1.563660051,1.026947443,0.201717118,2682868,2996298,0.484193665,65204,3703,7996,42.19653179,0.12900318,0.196423994,0.382333466,2.96375227,1.946470278,0.527594721,0.472405279
12_27,3,T12.9_Rep2_6OHDA_NAC_Center,TOX12,3,T129,2,181123,6OHDA_NAC,Center,20596131,24473724,14111761,6073674,1.18826803,0.685165626,0.294893929,11143925,9452206,0.394874338,262382,15216,31855,35.97811218,0.248171222,0.43039802,0.642566825,2.589207641,1.492959527,0.458931146,0.541068854
12_28,4,T12.9_Rep2_6OHDA_NAC_Border,TOX12,3,T129,2,181123,6OHDA_NAC,Border,8446465,12182636,8292107,1807825,1.442335462,0.981725136,0.214033326,5255176,3191289,0.484899811,102832,6083,13381,38.24701195,0.148393582,0.218017568,0.566487397,3.817465607,2.598356651,0.377825398,0.622174602
12_29,5,T12.9_Rep2_6OHDA_Center,TOX12,3,T129,2,181123,6OHDA,Center,31081968,44010330,19846746,9603453,1.415944126,0.638529259,0.308971845,7761439,23320529,0.445192162,474472,27141,58771,26.67723191,0.218209066,0.483880481,0.411802537,1.88719261,0.851041844,0.750291262,0.249708738
12_30,6,T12.9_Rep2_6OHDA_Border,TOX12,3,T129,2,181123,6OHDA,Border,12726328,35109401,17304776,1471411,2.758800575,1.359761905,0.115619447,3525359,9200969,0.547529548,72326,4667,10048,17.54897874,0.041909317,0.085029185,0.159919135,3.815837332,1.88075582,0.722986945,0.277013055
12_31,7,T12.9_Rep2_CTRL_NAC_Center,TOX12,3,T129,2,181123,CTRL_NAC,Center,32898052,45802687,16594319,12986090,1.392261372,0.504416462,0.394737354,15222417,17675635,0.40070845,738735,39431,84655,28.85682575,0.283522449,0.782562394,0.73468874,2.591289478,0.938824489,0.537285156,0.462714844
12_32,8,T12.9_Rep2_6OHDA_Border,TOX12,3,T129,2,181123,6OHDA,Border,26586738,41721374,18696232,6529027,1.569255093,0.703216468,0.245574579,9972642,16614096,0.472937392,330706,18955,41869,17.99888206,0.156491179,0.349216195,0.392981177,2.511203378,1.12532346,0.624901633,0.375098367
12_33,9,T12.9_Rep2_CTRL_NAC_Center,TOX12,3,T129,2,181123,CTRL_NAC,Center,27987734,51385606,25293071,12338504,1.836004515,0.903719858,0.440853983,15799793,12187941,0.362008149,827510,31012,68301,30.20465773,0.240115958,0.487821507,1.01235344,4.216102293,2.07525381,0.435474376,0.564525624
12_34,10,T12.9_Rep2_CTRL_NAC_Border,TOX12,3,T129,2,181123,CTRL_NAC,Border,5716132,19639204,8510828,6923585,3.435750609,1.488913832,1.211236025,734714,4981418,0.337451479,479815,18058,40630,20.27348395,0.352538983,0.813503105,1.389882359,3.94249268,1.708515126,0.871466579,0.128533421
12_35,11,T12.9_Rep2_CTRL_Center,TOX12,3,T129,2,181123,CTRL,Center,33464312,61955671,29158042,12826548,1.851395331,0.87131754,0.383290354,20970175,12494137,0.402438832,611494,33192,69109,27.29868646,0.207027828,0.439897439,1.026605359,4.958779546,2.333737976,0.373357056,0.626642944
12_36,12,T12.9_Rep2_CTRL_Border,TOX12,3,T129,2,181123,CTRL,Border,7564875,12574022,8620709,3893307,1.662158595,1.139570581,0.514655827,4602681,2962194,0.40752476,205501,12185,25669,22.30215827,0.309631,0.451622599,1.314332215,4.244834066,2.910244569,0.391572101,0.608427899
12_37,1,34769_Rep1_6OHDA_NAC_Border,TOX12,4,34769,1,181123,6OHDA_NAC,Border,3879162,10503809,5969239,229718,2.707752087,1.538796008,0.05921846,7197,3871965,0.597323675,25022,943,2512,0.157915515,0.021869971,0.038483633,0.059328532,2.71278511,1.541656239,0.998144702,0.001855298
12_38,2,34769_Rep1_6OHDA_NAC_Border,TOX12,4,34769,1,181123,6OHDA_NAC,Border,9810162,14115470,12602219,510932,1.43886207,1.284608654,0.052081913,45653,9764509,0.358225752,48611,1522,4182,0.446609825,0.036196598,0.040543019,0.052325416,1.445589328,1.290614715,0.995346356,0.004653644
12_40,4,34769_Rep1_6OHDA_Center,TOX12,4,34769,1,181123,6OHDA,Center,23289848,32641555,14742227,1287237,1.401535768,0.632989404,0.055270305,9632325,13657523,0.354475516,38391,2309,5295,1.897198323,0.039435529,0.087316319,0.094251132,2.390005494,1.079421722,0.586415291,0.413584709
12_41,5,34769_Rep1_6OHDA_Border,TOX12,4,34769,1,181123,6OHDA,Border,10164696,37989682,12658073,211812,3.737414479,1.245297744,0.020838006,1287625,8877071,0.5403471,15554,918,2304,1.650540694,0.005575514,0.016733353,0.023860573,4.279528912,1.425929003,0.873323806,0.126676194
12_42,6,34769_Rep1_CTRL_NAC_Center,TOX12,4,34769,1,181123,CTRL_NAC,Center,21003297,41921664,18329331,2621755,1.995956349,0.872688274,0.124825879,9569525,11433772,0.40698883,158500,7524,19128,5.952380952,0.062539383,0.143036044,0.22929922,3.66647717,1.603086978,0.544379866,0.455620134
12_43,7,34769_Rep1_CTRL_NAC_Border,TOX12,4,34769,1,181123,CTRL_NAC,Border,11039812,59060847,23592041,2926526,5.349805504,2.136996626,0.265088391,2708451,8331361,0.448846175,264442,11902,31406,8.7276551,0.049551033,0.124047173,0.351266258,7.08897946,2.83171513,0.754665116,0.245334884
12_44,8,34769_Rep1_CTRL_Center,TOX12,4,34769,1,181123,CTRL,Center,23031357,22377587,13284718,3598256,0.971613917,0.576810042,0.156232913,4301294,18730063,0.418468558,145291,8847,21138,15.8527423,0.160797319,0.270856784,0.19211126,1.194741683,0.709272467,0.813241834,0.186758166
12_45,9,34769_Rep1_CTRL_Border,TOX12,4,34769,1,181123,CTRL,Border,16198364,21358238,13963709,2864654,1.31854291,0.862044402,0.176848353,4583258,11615106,0.420762158,118445,7126,16699,20.02989537,0.134124079,0.205149935,0.246631757,1.83883281,1.202202459,0.717054265,0.282945735
12_46,10,34769_Rep1_CTRL_Center,TOX12,4,34769,1,181123,CTRL,Center,29090659,20781659,21165882,3090718,0.71437567,0.727583449,0.106244345,12546694,16543965,0.410956289,140992,7245,17956,8.81397238,0.148723353,0.146023586,0.186818456,1.256147423,1.279371783,0.568703686,0.431296314
12_47,11,34769_Rep1_CTRL_Border,TOX12,4,34769,1,181123,CTRL,Border,20743250,51685484,26100276,5321762,2.491677244,1.258253938,0.256553915,9468886,11274364,0.381732967,229030,12168,29223,19.78984238,0.102964345,0.203896771,0.472023256,4.584336997,2.31501094,0.543519651,0.456480349
12_48,1,34769_X6OHDA_NAC_Center2,TOX12,5,34769,2,181123,6OHDA_NAC,Center,20533018,21675465,17418419,6038538,1.055639507,0.848312654,0.294089159,14899563,5633455,0.435695031,280211,18084,38507,29.3554007,0.278588625,0.346675436,1.071906672,3.847632581,3.091960262,0.274360788,0.725639212
12_49,2,34769_X6OHDA_NAC_Border2,TOX12,5,34769,2,181123,6OHDA_NAC,Border,16080671,26566271,16897540,5234804,1.652062342,1.050798191,0.325533928,8844827,7235844,0.464524555,356318,19852,44393,32.80802292,0.197047,0.309796811,0.723454513,3.671482,2.335254878,0.449971522,0.550028478
12_50,3,34769_X6OHDA_Center2,TOX12,5,34769,2,181123,6OHDA,Center,11767185,15750468,6294904,1441560,1.338507723,0.534954112,0.122506785,7228299,4538886,0.441579261,59078,3332,7189,6.853582555,0.091524899,0.229004287,0.317602161,3.470117557,1.386883037,0.385724028,0.614275972
12_51,4,34769_X6OHDA_Border2,TOX12,5,34769,2,181123,6OHDA,Border,10837583,32815008,14533399,1859185,3.02788989,1.341018472,0.171549782,3829886,7007697,0.491338947,94852,6054,13140,19.43430657,0.056656546,0.127924995,0.265306134,4.682709312,2.073919435,0.646610688,0.353389312
12_52,5,34769_X6OHDA_Center2,TOX12,5,34769,2,181123,6OHDA,Center,31765056,37369568,18824300,7604897,1.176436396,0.59261032,0.239410785,20780200,10984856,0.420056051,359592,19849,43247,14.16666667,0.203505082,0.403993615,0.692307391,3.401916966,1.713659241,0.345815729,0.654184271
12_53,6,34769_X6OHDA_Border2.2,TOX12,5,34769,2,181123,6OHDA,Border,17044223,31597023,18323217,3358928,1.853825956,1.075039736,0.197071348,8758535,8285688,0.505591665,171291,11547,24224,19.38278289,0.106305205,0.183315408,0.405389148,3.813445908,2.211429757,0.486128819,0.513871181
12_54,7,34769_CTRL_NAC_Center2,TOX12,5,34769,2,181123,CTRL_NAC,Center,21136636,53308328,22805670,11314529,2.522081943,1.078964032,0.535304152,9024539,12112097,0.42193166,700912,33072,72775,39.74358974,0.212246931,0.496127893,0.934151122,4.401246787,1.882883699,0.573038065,0.426961935
12_55,8,34769_CTRL_NAC_Border2,TOX12,5,34769,2,181123,CTRL_NAC,Border,12681039,40190635,17538238,8393215,3.169348742,1.383028473,0.661871239,6243953,6437086,0.438739863,495836,23854,52051,50.79264426,0.208835093,0.478566604,1.303884242,6.243606968,2.724561704,0.507615031,0.492384969
14_1,1,34769_6-OHDA_NAC,TOX14,1,34769,1,180702,6OHDA_NAC,Border,5498119,26079913,4510648,5315173,4.743424615,0.820398394,0.966725711,2128183,3369936,0.425403651,399924,18796,43369,34.71026965,0.203803326,1.178361291,1.577232624,7.73899356,1.338496636,0.612925257,0.387074743
14_2,2,K7_6-OHDA_NAC,TOX14,1,K7,1,180702,6OHDA_NAC,Border,13181400,40833900,8967603,13171172,3.097842414,0.6803225,0.999224058,6200663,6980737,0.337651198,756298,28847,64398,46.41826292,0.322554838,1.468750568,1.886788172,5.849511305,1.284621237,0.529589953,0.470410047
14_3,3,T129_6-OHDA_NAC,TOX14,1,T129,1,180702,6OHDA_NAC,Border,12192545,20518153,8327821,2511768,1.682844148,0.683025652,0.206008508,6375531,5817014,0.485170207,121512,7854,16980,37.11583924,0.122416867,0.30161167,0.431796795,3.527265535,1.43163159,0.477095963,0.522904037
14_4,4,K7_6-OHDA,TOX14,1,K7,1,180702,6OHDA,Center,23086383,66421749,21568632,14798337,2.877096382,0.93425774,0.640998505,12727275,10359108,0.392934017,454536,28538,57900,61.23595506,0.222793546,0.686104571,1.428533905,6.411917802,2.082093555,0.44871074,0.55128926
14_5,5,34769_6-OHDA,TOX14,1,34769,1,180702,6OHDA,Center,32677331,51130280,17289421,7529380,1.564701842,0.529095262,0.230416003,17177095,15500236,0.451114434,324237,20202,43028,28.57142857,0.147258728,0.435490581,0.485759056,3.298677517,1.115429533,0.474342167,0.525657833
14_6,6,T129_6-OHDA,TOX14,1,T129,1,180702,6OHDA,Center,28946885,43636210,21927808,9473688,1.507457884,0.757518745,0.327278324,17645525,11301360,0.411355641,414021,25008,53822,52.75754422,0.217106114,0.432039901,0.838278579,3.8611468,1.940280462,0.390417138,0.609582862
14_7,7,34769_6-OHDA,TOX14,1,34769,1,180702,6OHDA,Border,7621734,41164867,8408620,1741095,5.400984474,1.103242386,0.228438174,2918034,4703700,0.506884461,77206,4915,10587,27.28525494,0.042295655,0.207060731,0.370154347,8.751592789,1.787660778,0.617143028,0.382856972
14_8,8,T129_6-OHDA,TOX14,1,T129,1,180702,6OHDA,Border,13500391,32884401,10010552,3714703,2.435811007,0.741500894,0.275155216,6456284,7044107,0.482219171,167683,10692,23114,41.11182935,0.112962465,0.371078738,0.527349031,4.668356259,1.421124353,0.521770592,0.478229408
14_9,9,K7_6-OHDA,TOX14,1,K7,1,180702,6OHDA,Border,1085950,16270512,7380884,1914445,14.98274506,6.796707031,1.762921866,217548,868402,0.497959983,74688,4117,8582,51.78041543,0.117663476,0.259378822,2.204560791,18.73615215,8.499386229,0.799670335,0.200329665
14_10,10,K7_CTRL_NAC,TOX14,1,K7,1,180702,CTRL_NAC,Center,34979770,52617830,31076489,25939972,1.50423602,0.888413189,0.741570685,22812233,12167537,0.356000847,885133,49738,101280,70.31150668,0.492988251,0.834713728,2.131899989,4.324443805,2.554049271,0.347844969,0.652155031
14_11,11,34769_CTRL_NAC,TOX14,1,34769,1,180702,CTRL_NAC,Center,47516679,60445063,37626788,19915861,1.272080968,0.791864852,0.419134111,31205900,16310779,0.389617301,974991,46673,103456,45.18486672,0.329486976,0.529300056,1.221024514,3.705835448,2.306866398,0.343264288,0.656735712
14_12,12,T129_CTRL_NAC,TOX14,1,T129,1,180702,CTRL_NAC,Center,38302463,67306592,31115085,28352695,1.757239267,0.812352067,0.74023164,19740031,18562432,0.294286275,1204913,45950,97727,49.42577627,0.421246926,0.911220233,1.527423508,3.625957633,1.676239676,0.484627633,0.515372367
14_13,13,T129_CTRL_NAC,TOX14,1,T129,1,180702,CTRL_NAC,Border,19779295,34316944,17929286,13891814,1.734993285,0.906467394,0.702341211,9962491,9816804,0.373246863,664225,31144,66902,57.22952477,0.404809181,0.774811334,1.415105568,3.495734864,1.826387284,0.496317184,0.503682816
14_14,14,T129_CTRL_NAC,TOX14,1,T129,1,180702,CTRL_NAC,Border,20744662,26937976,15743390,11844070,1.298549767,0.758912823,0.570945432,10195820,10548842,0.382223763,639144,29750,65467,52.23160434,0.439679284,0.75232018,1.122783904,2.55364295,1.492428268,0.508508743,0.491491257
14_15,15,34769_CTRL_NAC,TOX14,1,34769,1,180702,CTRL_NAC,Border,12337298,35513881,14910406,8698681,2.878578519,1.208563334,0.705071807,5469766,6867532,0.427736228,438902,25281,53899,47.85234899,0.244937494,0.583396656,1.266638583,5.171272737,2.171144743,0.556647979,0.443352021
14_16,16,K7_CTRL_NAC,TOX14,1,K7,1,180702,CTRL_NAC,Border,5545805,16631436,8884189,8170520,2.998921888,1.60196563,1.473279353,2025613,3520192,0.342596065,314768,15369,32028,80.80415045,0.491269665,0.919669764,2.321043852,4.724582068,2.523779669,0.634748607,0.365251393
14_17,17,34769_CTRL,TOX14,1,34769,1,180702,CTRL,Center,38328139,46819606,35247242,18880440,1.221546551,0.919617882,0.492599967,25423042,12905097,0.364405967,752100,40254,84097,57.80504431,0.403259267,0.53565723,1.463021936,3.627993342,2.731265174,0.336700329,0.663299671
14_18,18,T129_CTRL,TOX14,1,T129,1,180702,CTRL,Center,34840870,56124665,33378404,21791440,1.610885865,0.958024412,0.625456253,21674056,13166814,0.338680096,837763,41404,86341,56.42002176,0.388268509,0.652860454,1.655027556,4.262585087,2.535040291,0.377912894,0.622087106
14_19,19,K7_CTRL,TOX14,1,K7,1,180702,CTRL,Center,25552339,41158818,27358396,23554767,1.610765183,1.070680692,0.9218243,15899987,9652352,0.323448328,680856,38613,77174,72.86585366,0.572289685,0.860970322,2.440313718,4.26412319,2.834376119,0.377748276,0.622251724
14_20,20,T129_CTRL,TOX14,1,T129,1,180702,CTRL,Border,28787834,42962954,20079763,21741820,1.492399671,0.697508642,0.755243343,15243850,13543984,0.369579226,971570,51479,108634,59.2670895,0.506059709,1.08277274,1.60527508,3.17210608,1.482559563,0.470475966,0.529524034
14_21,21,34769_CTRL,TOX14,1,34769,1,180702,CTRL,Border,11278901,40171867,16854545,13184243,3.561682738,1.494342844,1.168929757,3255490,8023411,0.364042137,503401,29619,59614,49.14463453,0.328195924,0.782236661,1.643221692,5.006831508,2.100670775,0.711364609,0.288635391
14_22,22,T129_CTRL,TOX14,1,T129,1,180702,CTRL,Border,19290327,29935480,17834141,10560448,1.551838909,0.924512114,0.547447848,9460630,9829697,0.404432558,411727,24953,51238,50.16816143,0.352773632,0.592147836,1.074341152,3.045412285,1.814312384,0.509566116,0.490433884
14_23,23,K7_CTRL,TOX14,1,K7,1,180702,CTRL,Border,10868836,32840371,22624848,15680106,3.02151684,2.081625668,1.442666538,4014174,6854662,0.341363828,529423,28977,58087,73.50835322,0.477464338,0.693048015,2.287509727,4.790954098,3.300651148,0.630671214,0.369328786
14_24,1,TOX14_K7_Rep2_6OHDA_Center,TOX14,3,K7,2,190119,6OHDA,Center,25420937,34571554,29414444,15776575,1.359963797,1.157095193,0.620613434,16693994,8726943,0.342140293,467634,28422,57279,52.10012728,0.456345555,0.53635469,1.807800853,3.961473565,3.370532385,0.343297456,0.656702544
14_25,2,TOX14_K7_Rep2_CTRL_NAC_Center,TOX14,3,K7,2,190119,CTRL_NAC,Center,22758033,32365420,17896002,23245847,1.422153663,0.786359788,1.021434805,16058577,6699456,0.282545351,861454,36530,75439,65.93291405,0.71823097,1.298940791,3.469811131,4.831051954,2.671261965,0.294377638,0.705622362
14_26,3,TOX14_K7_Rep2_CTRL_Center,TOX14,3,K7,2,190119,CTRL,Center,14888339,27085493,17954478,19746928,1.819242093,1.205942315,1.326335194,10698440,4189899,0.282105551,651558,32026,67449,69.62209302,0.729059205,1.099833033,4.712984251,6.464473965,4.285181576,0.281421521,0.718578479
14_27,4,TOX14_K7_Rep2_6OHDA_Border,TOX14,3,K7,2,190119,6OHDA,Border,2444847,18738985,7531370,2145960,7.664686175,3.080507696,0.877748178,563075,1881772,0.356002908,75950,3995,8255,52.65438787,0.114518476,0.284936207,1.140393204,9.958159118,4.002275515,0.769689064,0.230310936
14_28,5,TOX14_K7_Rep2_CTRL_NAC_Border,TOX14,3,K7,2,190119,CTRL_NAC,Border,17198629,42105367,19499889,23384796,2.448181596,1.133804852,1.359689543,5758462,11440167,0.350072115,862544,46320,93376,76.7961165,0.555387535,1.199227134,2.044095685,3.680485346,1.704510869,0.665179009,0.334820991
14_29,6,TOX14_K7_Rep2_CTRL_Border,TOX14,3,K7,2,190119,CTRL,Border,9399177,25178539,14286855,14650500,2.678802516,1.520011273,1.558700299,3562712,5836465,0.356345039,504339,27919,57056,90.87048832,0.581864579,1.025453118,2.510166685,4.314004967,2.447860991,0.620954898,0.379045102
14_31,3,TOX14_T129_Rep2_6OHDA_Center,TOX14,3,T129,2,190119,6OHDA,Center,19249681,30417956,16748054,8799761,1.580179744,0.870043197,0.457138017,4292816,14956865,0.405028955,407416,23207,49288,44.28571429,0.289294948,0.525419908,0.588342611,2.033712011,1.119756981,0.776992876,0.223007124
14_33,5,TOX14_T129_Rep2_CTRL_NAC_Center,TOX14,3,T129,2,190119,CTRL_NAC,Center,8944609,29003255,12401909,2599029,3.242540283,1.386523324,0.290569325,2344184,6600425,0.359384216,106310,5207,11158,30.48411498,0.089611632,0.20956685,0.393766917,4.394149619,1.878956128,0.737922138,0.262077862
14_35,7,TOX14_T129_Rep2_CTRL_Border,TOX14,3,T129,2,190119,CTRL,Border,19560052,31311522,13323572,21302057,1.600789303,0.681162402,1.089059324,5305592,14254460,0.326323463,753911,42105,86054,64.94004796,0.680326463,1.598824775,1.494413468,2.196612288,0.934694966,0.728753686,0.271246314
14_36,8,TOX14_T129_Rep2_CTRL_Center,TOX14,3,T129,2,190119,CTRL,Center,42839383,55497086,42892484,26263365,1.295468845,1.001239537,0.613065902,23027122,19812261,0.35181421,865120,50539,102854,49.87531172,0.473238631,0.612306925,1.325611701,2.801148541,2.164946444,0.462477739,0.537522261
14_37,1,TOX14_34769_Rep2_6OHDA_NAC_Center,TOX14,2,34769,2,190119,6OHDA_NAC,Center,15590491,14234562,5090493,5349640,0.913028461,0.32651268,0.343134799,4598497,10991994,0.459535595,273778,17289,36842,27.67402377,0.375820485,1.050908036,0.486685127,1.294993611,0.46310915,0.705044761,0.294955239
14_38,2,TOX14_34769_Rep2_6OHDA_NAC_Border,TOX14,2,34769,2,190119,6OHDA_NAC,Border,18940458,19456877,7837096,7224397,1.027265391,0.413775422,0.381426732,5940780,12999678,0.464281517,501990,27114,61052,26.05477424,0.37130301,0.921820659,0.555736611,1.496719919,0.602868471,0.686344438,0.313655562
14_39,3,TOX14_34769_Rep2_6OHDA_Center,TOX14,2,34769,2,190119,6OHDA,Center,26850995,52397832,22789367,15634174,1.951429807,0.848734544,0.582256784,3037838,23813157,0.40569441,756348,45226,97508,53.91828533,0.298374444,0.686029322,0.656535125,2.20037318,0.95700738,0.886863113,0.113136887
14_40,4,TOX14_34769_Rep2_6OHDA_Border,TOX14,2,34769,2,190119,6OHDA,Border,16234692,15503844,6186227,7870697,0.95498233,0.381049853,0.484807288,2429672,13805020,0.446239386,401372,24344,52397,34.7826087,0.507661003,1.272293597,0.570132966,1.123058424,0.448114309,0.850340739,0.149659261
14_41,5,TOX14_34769_Rep2_CTRL_NAC_Center,TOX14,2,34769,2,190119,CTRL_NAC,Center,8076347,28046117,8671952,3115990,3.472624071,1.073746831,0.385816756,3242271,4834076,0.343006236,131226,7060,15028,22.85849503,0.111102368,0.359318179,0.644588542,5.801753427,1.79392132,0.598547338,0.401452662
14_42,6,TOX14_34769_Rep2_CTRL_NAC_Border,TOX14,2,34769,2,190119,CTRL_NAC,Border,12718973,32086576,12824217,5351128,2.522733243,1.008274567,0.420720132,6030778,6688195,0.387927928,230778,13583,28425,30.03355705,0.16677155,0.417267425,0.800085524,4.797494092,1.917440655,0.52584395,0.47415605
14_43,7,TOX14_34769_Rep2_CTRL_Border,TOX14,2,34769,2,190119,CTRL,Border,23770598,34410301,21312590,18879623,1.447599299,0.896594608,0.794242661,14394014,9376584,0.343202351,838455,39804,83122,69.3877551,0.548661954,0.885843673,2.013486255,3.669812055,2.272958894,0.394461427,0.605538573
14_44,8,TOX14_34769_Rep2_CTRL_Center,TOX14,2,34769,2,190119,CTRL,Center,32121805,28201187,19129485,18132957,0.877945277,0.595529579,0.564506166,21564437,10557368,0.356657935,774293,40854,85403,71.16704805,0.642985595,0.947906177,1.717564169,2.671232735,1.811955878,0.328666711,0.671333289
16_1,1,K7_Rep1_6OHDA_NAC_Center,TOX16,1,K7,1,181123,6OHDA_NAC,Center,36141018,36292781,26463578,11343295,1.00419919,0.732231118,0.313862078,20065353,16075665,0.430567132,611598,35430,77365,37.72031391,0.312549622,0.428637994,0.705619021,2.257622375,1.646188696,0.444803879,0.555196121
16_2,2,K7_Rep1_6OHDA_NAC_Border,TOX16,1,K7,1,181123,6OHDA_NAC,Border,11054684,15324365,11735944,3384014,1.38623275,1.061626366,0.306115851,4908358,6146326,0.504477227,217159,14119,31836,38.24451411,0.220825724,0.288346127,0.550575092,2.493256134,1.909424264,0.555992917,0.444007083
16_3,3,K7_Rep1_6OHDA_Center,TOX16,1,K7,1,181123,6OHDA,Center,28566167,26589669,21548906,14940223,0.930809828,0.754350627,0.523004119,17113160,11453007,0.366402028,606375,35328,74354,30.59895833,0.561880744,0.693317006,1.304480387,2.321632127,1.881506403,0.400929078,0.599070922
16_4,4,K7_Rep1_6OHDA_NAC_Border,TOX16,1,K7,1,181123,6OHDA_NAC,Border,17502390,19206770,16908492,6225590,1.097379844,0.966067606,0.355699422,11665455,5836935,0.445280046,296163,18443,39811,53.28265377,0.324135188,0.368193095,1.06658546,3.290557459,2.896810055,0.333493597,0.666506403
16_5,5,K7_Rep1_6OHDA_Center,TOX16,1,K7,1,181123,6OHDA,Center,24331434,23886888,22898901,11413637,0.98172956,0.941124185,0.46909019,16098797,8232637,0.381694897,424006,25746,52882,34.83586477,0.477820175,0.498436017,1.386388954,2.90148685,2.78147828,0.338353958,0.661646042
16_6,6,K7_Rep1_6OHDA_Border,TOX16,1,K7,1,181123,6OHDA,Border,25816583,30736753,33405473,12846004,1.190581767,1.293954084,0.497587307,16228738,9587845,0.418252711,483130,31099,64135,45.79345088,0.417936273,0.384547885,1.339821826,3.20580412,3.484148211,0.371383192,0.628616808
16_7,7,K7_Rep1_6OHDA_Border,TOX16,1,K7,1,181123,6OHDA,Border,13176210,24248489,22693171,6169117,1.840323507,1.722283646,0.468201175,5944766,7231444,0.449535322,244887,15069,31741,41.26441692,0.25441243,0.271849051,0.853096145,3.353201518,3.138124419,0.5488258,0.4511742
16_8,8,K7_Rep1_CTRL_NAC_Center,TOX16,1,K7,1,181123,CTRL_NAC,Center,36482796,38943314,27452650,21001890,1.067443241,0.752482074,0.575665582,26874330,9608466,0.376714334,986293,52299,111909,54.32977461,0.539293857,0.76502232,2.1857693,4.05302095,2.857131409,0.263369781,0.736630219
16_9,9,K7_Rep1_CTRL_NAC_Center,TOX16,1,K7,1,181123,CTRL_NAC,Center,22492599,31631959,15085025,16447858,1.406327432,0.67066616,0.731256446,4736351,17756248,0.403606962,785176,42585,90631,58.00060042,0.519975952,1.090343437,0.926313825,1.781455125,0.849561518,0.789426246,0.210573754
16_10,10,K7_Rep1_CTRL_NAC_Border,TOX16,1,K7,1,181123,CTRL_NAC,Border,24333472,41977696,30081690,14296570,1.725100964,1.236226791,0.587526926,15718153,8615319,0.404219823,668339,38234,81019,56.4889336,0.340575386,0.475258205,1.659435942,4.872448252,3.491651325,0.354052188,0.645947812
16_11,11,K7_Rep1_CTRL_Center,TOX16,1,K7,1,181123,CTRL,Center,38068566,37411665,30952391,21903086,0.982744267,0.813069528,0.575358841,25087570,12980996,0.393353384,874800,54514,111436,42.91012839,0.585461406,0.707637933,1.687319371,2.882033474,2.384438837,0.340989887,0.659010113
16_12,12,K7_Rep1_CTRL_Border,TOX16,1,K7,1,181123,CTRL,Border,8789990,11254693,10571154,6283338,1.28039884,1.202635498,0.7148288,6497682,2292308,0.355957773,255312,15211,31159,52.5477707,0.558286041,0.594385249,2.741053122,4.909764744,4.611576629,0.26078619,0.73921381
16_13,13,K7_Rep1_CTRL_Center,TOX16,1,K7,1,181123,CTRL,Center,31720768,22054216,21220997,15052075,0.695261098,0.668993796,0.474517988,23118854,8601914,0.399468778,599651,36787,75048,48.42946887,0.682503291,0.709301029,1.749851835,2.56387311,2.467008738,0.271176095,0.728823905
16_14,1,T129_Rep1_6OHDA_NAC_Center,TOX16,2,T129,1,181123,6OHDA_NAC,Center,31377085,7832174,8885028,2236507,0.249614456,0.283169326,0.071278355,17519811,13857274,0.577028822,171770,10136,23434,27.03016241,0.285553794,0.251716371,0.161395885,0.565203084,0.64118152,0.441636755,0.558363245
16_15,2,T129_Rep1_6OHDA_NAC_Border,TOX16,2,T129,1,181123,6OHDA_NAC,Border,7201448,19407290,12855422,4199675,2.694914967,1.785116271,0.583170912,2576028,4625420,0.474504575,293261,16619,37765,51.602677,0.216396777,0.326685114,0.907955386,4.195789788,2.779298312,0.642290273,0.357709727
16_16,3,T129_Rep1_6OHDA_NAC_Border,TOX16,2,T129,1,181123,6OHDA_NAC,Border,19808493,28223627,18708307,4066111,1.424824544,0.944458874,0.205271093,8190800,11617693,0.540796353,295183,17852,39543,20.82036257,0.144067628,0.217342542,0.349992981,2.429365882,1.610328918,0.586500599,0.413499401
16_17,4,T129_Rep1_6OHDA_NAC_Center,TOX16,2,T129,1,181123,6OHDA_NAC,Center,30734867,20922117,19081771,5782394,0.680729056,0.620850938,0.188137922,20546322,10188545,0.44640092,312879,18892,41191,28.67843767,0.276377099,0.303032355,0.567538741,2.053494096,1.872865164,0.331497937,0.668502063
16_18,5,T129_Rep1_6OHDA_Border,TOX16,2,T129,1,181123,6OHDA,Border,25807138,42596975,29134201,4919381,1.65058888,1.128920262,0.190620944,15577578,10229560,0.487082216,254885,16123,34253,23.17247969,0.115486628,0.168852443,0.480898592,4.164106276,2.848040483,0.396384907,0.603615093
16_20,7,T129_Rep1_6OHDA_Center,TOX16,2,T129,1,181123,6OHDA,Center,24670469,18446639,9113969,2671218,0.747721456,0.369428283,0.108275931,9675294,14995175,0.456857508,179981,9163,20818,12.6779661,0.144807843,0.293090529,0.178138501,1.230171639,0.60779344,0.607818806,0.392181194
16_21,8,T129_Rep1_CTRL_NAC_Center,TOX16,2,T129,1,181123,CTRL_NAC,Center,19927111,38736208,20496559,10399282,1.943894828,1.028576546,0.521866015,13007861,6919250,0.356712415,577158,26243,57235,47.84651527,0.26846412,0.507367212,1.502949308,5.598324674,2.962251545,0.347227955,0.652772045
16_22,9,T129_Rep1_CTRL_NAC_Border,TOX16,2,T129,1,181123,CTRL_NAC,Border,17565997,30834568,26425709,8811064,1.755355418,1.504367159,0.501597717,7974841,9591156,0.424831212,443036,25512,53814,47.99780581,0.285752795,0.333427724,0.918665487,3.21489589,2.755216264,0.546006925,0.453993075
16_23,10,T129_Rep1_CTRL_Center,TOX16,2,T129,1,181123,CTRL,Center,26279480,34039856,30744169,14127462,1.295301734,1.169892593,0.537585295,17605694,8673786,0.385769716,594119,34935,73273,46.53341661,0.415027079,0.459516795,1.628753811,3.924451906,3.544492451,0.330059271,0.669940729
16_26,13,T129_Rep1_CTRL_Center,TOX16,2,T129,1,181123,CTRL,Center,20871535,28887921,28982314,12405767,1.384082244,1.388604815,0.594386901,12802051,8069484,0.367426295,547884,28888,61897,56.50154799,0.429444784,0.428046118,1.537368065,3.57989693,3.591594456,0.386626283,0.613373717
16_27,1,34769_Rep1_6OHDA_NAC_Border,TOX16,3,34769,1,181123,6OHDA_NAC,Border,5786020,11115528,7670918,2604024,1.92110086,1.325767626,0.450054442,3482561,2303459,0.352540914,116407,6004,13173,47.99437016,0.234269033,0.339467062,1.130484198,4.825581007,3.330173448,0.39810768,0.60189232
16_28,2,34769_Rep1_6OHDA_NAC_Center,TOX16,3,34769,1,181123,6OHDA_NAC,Center,26931545,61673114,32365848,8741043,2.289995394,1.201782074,0.324565226,16888582,10042963,0.398642931,430046,24732,52568,22.9981378,0.141731825,0.270069952,0.870364951,6.14092813,3.222738947,0.37290705,0.62709295
16_29,3,34769_Rep1_6OHDA_NAC_Border,TOX16,3,34769,1,181123,6OHDA_NAC,Border,14463496,18212573,16411284,4095523,1.259209599,1.134669239,0.283162729,8962175,5501321,0.469157663,241510,14237,31365,38.10786914,0.224873388,0.249555306,0.744461739,3.310581768,2.983153319,0.380359009,0.619640991
16_30,4,34769_Rep1_6OHDA_Center,TOX16,3,34769,1,181123,6OHDA,Center,32140022,29831206,31713922,4674706,0.928163833,0.986742386,0.145448127,19333503,12806519,0.509167849,235712,15352,32883,19.94266994,0.15670523,0.14740233,0.3650255,2.329376625,2.476388939,0.398460182,0.601539818
16_31,5,34769_Rep1_6OHDA_Border,TOX16,3,34769,1,181123,6OHDA,Border,9698785,39129684,21479920,2319424,4.034493393,2.214702151,0.239145831,3698251,6000534,0.505284502,113536,7772,16534,28.63834058,0.059275306,0.107981035,0.386536265,6.521033628,3.579668076,0.618689248,0.381310752
16_32,6,34769_Rep1_6OHDA_Border,TOX16,3,34769,1,181123,6OHDA,Border,20066126,57152012,28976375,5173061,2.84818365,1.444044306,0.257800684,11076990,8989136,0.474520018,234042,16081,33922,26.30219544,0.090514066,0.178526852,0.575479223,6.357898245,3.223488331,0.447975658,0.552024342
16_33,7,34769_Rep1_6OHDA_Center,TOX16,3,34769,1,181123,6OHDA,Center,22440239,17945110,18595115,4514055,0.799684442,0.828650488,0.201158954,16909662,5530577,0.447262827,274729,14974,33948,14.77111845,0.251547915,0.242754885,0.816199648,3.244708464,3.362237792,0.246458026,0.753541974
16_34,8,34769_Rep1_CTRL_NAC_Center,TOX16,3,34769,1,181123,CTRL_NAC,Center,30397009,39754465,17617757,17176752,1.307841341,0.579588505,0.565080334,16809197,13587812,0.384166809,933497,47364,102200,42.97520661,0.432071014,0.974968153,1.264129354,2.92574441,1.296585278,0.447011481,0.552988519
16_35,9,34769_Rep1_CTRL_NAC_Border,TOX16,3,34769,1,181123,CTRL_NAC,Border,17656303,21622962,14107004,9493115,1.224659658,0.798978359,0.537661537,7108672,10547631,0.41745012,407584,24705,51929,44.52354874,0.439029352,0.672936295,0.900023427,2.050030192,1.337457103,0.597386157,0.402613843
16_36,10,34769_Rep1_CTRL_NAC_Center,TOX16,3,34769,1,181123,CTRL_NAC,Center,33536795,58025204,20723352,27636183,1.730195268,0.617928815,0.824055578,19029311,14507484,0.379572678,1581891,78485,173556,57.68374165,0.476278946,1.333576875,1.904960433,3.999673824,1.428459408,0.432584092,0.567415908
16_37,11,34769_Rep1_CTRL_NAC_Border,TOX16,3,34769,1,181123,CTRL_NAC,Border,10658784,32418131,23755841,8569125,3.041447411,2.228757145,0.803949587,2586500,8072284,0.410681487,430343,24774,53864,47.98301486,0.264331247,0.36071655,1.061548999,4.015979988,2.942889646,0.757336297,0.242663703
16_38,12,34769_Rep1_CTRL_Center,TOX16,3,34769,1,181123,CTRL,Center,29857347,32342818,29371846,11408148,1.083244871,0.983739312,0.382088469,17488089,12369258,0.404982386,514274,30867,65129,43.1732326,0.352725851,0.388404188,0.922298492,2.614774306,2.374584312,0.414278536,0.585721464
16_39,13,34769_Rep1_CTRL_Border,TOX16,3,34769,1,181123,CTRL,Border,15709117,1485795,43421,1079832,0.094581701,0.002764064,0.068739191,7116897,8592220,0.557227421,68788,4725,10186,21.49178255,0.726770517,24.86888833,0.125675553,0.172923296,0.005053525,0.546957541,0.453042459
16_40,14,34769_Rep1_CTRL_Center,TOX16,3,34769,1,181123,CTRL,Center,28851451,31947137,30659355,12302746,1.107297411,1.062662498,0.42641689,19091442,9760009,0.396128149,547082,32022,67961,41.50170648,0.385096981,0.401272173,1.260526092,3.273269215,3.14132446,0.338284858,0.661715142
16_41,15,34769_Rep1_CTRL_Border,TOX16,3,34769,1,181123,CTRL,Border,14001615,9348845,57957,2799705,0.667697619,0.004139308,0.199955862,7326081,6675534,0.442499835,168411,9975,21558,29.58070075,0.299470683,48.30658937,0.419397909,1.400463993,0.008682002,0.476768858,0.523231142
16_42,1,TOX16_K7_Rep2_6OHDA_NAC_Center,TOX16,1,K7,2,190119,6OHDA_NAC,Center,18782720,6626846,8591931,1102192,0.352816099,0.45743806,0.058681171,6480544,12302176,0.288114049,32113,1616,3832,1.574226615,0.166322259,0.128282222,0.089593256,0.538672671,0.69840742,0.654973082,0.345026918
16_44,3,TOX16_K7_Rep2_6OHDA_Center,TOX16,1,K7,2,190119,6OHDA,Center,18420171,25290019,14234046,7606108,1.372952455,0.772742338,0.412922768,216968,18203203,0.364488645,353999,17836,41167,21.25501297,0.30075533,0.534360223,0.417844486,1.389316979,0.781952824,0.988221173,0.011778827
16_46,5,TOX16_K7_Rep2_CTRL_NAC_Center,TOX16,1,K7,2,190119,CTRL_NAC,Center,18930707,50685373,22691684,7499836,2.677415746,1.19867071,0.396173054,809588,18121119,0.350963274,216278,12010,26251,27.71570453,0.147968448,0.330510331,0.413872675,2.797033285,1.252223111,0.957234138,0.042765862
16_47,6,TOX16_K7_Rep2_CTRL_NAC_Border,TOX16,1,K7,2,190119,CTRL_NAC,Border,9332353,39504442,8891147,3409398,4.233063409,0.952722963,0.365331016,594419,8737934,0.379271942,109140,6300,14047,24.28924598,0.086304168,0.383459862,0.390183538,4.52102774,1.017534236,0.93630556,0.06369444
16_49,8,TOX16_K7_Rep2_CTRL_Border,TOX16,1,K7,2,190119,CTRL,Border,4876953,23468409,20277808,4790988,4.812104812,4.157884646,0.982373215,89190,4787763,0.381343264,179469,7556,17246,38.5021097,0.204146263,0.236267549,1.000673592,4.901748269,4.235340805,0.981711942,0.018288058
16_50,4,TOX16_T129_Rep2_6OHDA_NAC_Center,TOX16,2,T129,2,190119,6OHDA_NAC,Center,36256301,44591229,27873068,4011835,1.229889089,0.768778591,0.110652077,20651483,15604818,0.503441443,206502,11861,26446,8.899813528,0.089969151,0.143932308,0.257089509,2.857529578,1.786183472,0.430402925,0.569597075
16_51,5,TOX16_T129_Rep2_6OHDA_NAC_Border,TOX16,2,T129,2,190119,6OHDA_NAC,Border,23748817,34669709,25856451,1743202,1.459849937,1.088746905,0.073401635,12806999,10941818,0.515449156,92607,4769,10706,6.738975818,0.050280261,0.067418456,0.159315573,3.168551058,2.363085458,0.460731076,0.539268924
16_52,6,TOX16_T129_Rep2_6OHDA_Center,TOX16,2,T129,2,190119,6OHDA,Center,30425258,67910899,31445163,6023375,2.232056635,1.033521655,0.197972849,13707348,16717910,0.528920414,294993,17923,38625,21.24874119,0.088695262,0.191551718,0.360294738,4.062164409,1.880926683,0.549474716,0.450525284
16_53,7,TOX16_T129_Rep2_6OHDA_Border,TOX16,2,T129,2,190119,6OHDA,Border,5524616,47736683,17163346,1190875,8.64072417,3.106703887,0.215557968,1116455,4408161,0.551140968,59036,3583,7845,23.19376026,0.024946748,0.069384781,0.270152338,10.8291605,3.893538825,0.797912651,0.202087349
16_54,10,TOX16_T129_Rep2_CTRL_NAC_Center,TOX16,2,T129,2,190119,CTRL_NAC,Center,32900310,49850356,34968746,6516737,1.515194112,1.062869803,0.198075246,19000945,13899365,0.47900061,297392,17669,37956,33.49875931,0.130725987,0.186358899,0.468851419,3.586520391,2.515852055,0.42246912,0.57753088
16_55,11,TOX16_T129_Rep2_CTRL_NAC_Border,TOX16,2,T129,2,190119,CTRL_NAC,Border,20586486,46762858,32796511,5719208,2.271531819,1.593108751,0.277813707,10280764,10305722,0.507134554,299899,18002,38738,35.72559367,0.122302362,0.174384647,0.554954616,4.537562531,3.182359373,0.500606174,0.499393826
16_56,12,TOX16_T129_Rep2_CTRL_Center,TOX16,2,T129,2,190119,CTRL,Center,39931730,44762585,34653743,24015594,1.120977854,0.867824735,0.601416317,23823727,16108003,0.422696145,990570,63116,129802,63.17073171,0.536510436,0.693015874,1.490910698,2.778903443,2.151337009,0.403388558,0.596611442
16_57,13,TOX16_T129_Rep2_CTRL_Border,TOX16,2,T129,2,190119,CTRL,Border,20028681,54043309,35472922,18084596,2.698295959,1.771106245,0.902934946,7878993,12149688,0.409843327,718252,47348,95279,52.86138194,0.334631545,0.509814106,1.488482338,4.448123195,2.919657032,0.606614484,0.393385516
16_58,14,TOX16_34769_Rep2_CTRL_Border,TOX16,2,34769,2,190119,CTRL,Border,9520904,44319565,29246394,10539335,4.654974465,3.071808517,1.106967889,2187381,7333523,0.422901635,514994,31518,64771,51.13168724,0.237803214,0.360363572,1.437144876,6.043420741,3.988041491,0.770254904,0.229745096
16_59,1,TOX16_34769_Rep2_6OHDA_NAC_Center,TOX16,2,34769,2,190119,6OHDA_NAC,Center,20233351,21665903,16484270,3543351,1.07080152,0.814707855,0.175124279,12109794,8123557,0.470056734,164872,9324,20533,20.57245081,0.163545041,0.214953468,0.436182204,2.667046344,2.029193616,0.401493406,0.598506594
16_60,2,TOX16_34769_Rep2_6OHDA_Center,TOX16,2,34769,2,190119,6OHDA,Center,28831401,45886398,19141563,4829290,1.59154243,0.663913731,0.167501052,6208127,22623274,0.500548735,250116,14199,31547,11.19716037,0.105244478,0.252293399,0.213465566,2.028282821,0.84610048,0.784674806,0.215325194
16_61,3,TOX16_34769_Rep2_CTRL_Center,TOX16,2,34769,2,190119,CTRL,Center,25207253,45156921,27242568,16802207,1.791425706,1.080743229,0.666562398,7482510,17724743,0.419306642,737313,47145,98680,50.63715627,0.372084868,0.616762964,0.94795208,2.547677052,1.536979577,0.703160436,0.296839564
16_62,8,TOX16_34769_Rep2_6OHDA_NAC_Border,TOX16,2,34769,2,190119,6OHDA_NAC,Border,14227374,31074774,20502240,2291139,2.184153871,1.441041755,0.161037378,6693739,7533635,0.554147522,144904,9920,21712,9.947524527,0.073729868,0.111750667,0.304121317,4.124804825,2.721427306,0.529516902,0.470483098
16_63,9,TOX16_34769_Rep2_6OHDA_Border,TOX16,2,34769,2,190119,6OHDA,Border,15041874,31713546,22316084,1755969,2.108350728,1.483597323,0.116738712,6590992,8450882,0.545158827,94839,5862,12768,9.570459683,0.055369683,0.078686252,0.207785294,3.752690666,2.640681056,0.561823746,0.438176254
16_64,1,TOX16_K7_Rep1_6OHDA_NAC_Border,TOX16,1,K7,1,190125,6OHDA_NAC,Border,9795587,17169327,19637221,2088543,1.752761422,2.00470079,0.213212644,2531890,7263697,0.521501832,143093,5975,13859,19.98958876,0.121643848,0.106356342,0.28753168,2.363717402,2.703474691,0.741527486,0.258472514
16_65,2,TOX16_K7_Rep1_6OHDA_NAC_Center,TOX16,1,K7,1,190125,6OHDA_NAC,Center,16728277,12657579,18084331,3565625,0.756657664,1.081063579,0.213149567,5818799,10909478,0.432611394,168046,8420,19122,18.96929825,0.281698815,0.197166542,0.326837361,1.160236906,1.657671522,0.6521579,0.3478421
16_66,3,TOX16_K7_Rep1_6OHDA_Center,TOX16,1,K7,1,190125,6OHDA,Center,19957763,19287887,26215784,10929792,0.966435316,1.313563249,0.547646147,8238940,11718823,0.363912964,395960,20408,43158,32.40987984,0.566666115,0.416916465,0.932669774,1.645889438,2.237066299,0.587181189,0.412818811
16_67,4,TOX16_K7_Rep1_6OHDA_Border,TOX16,1,K7,1,190125,6OHDA,Border,19368815,15048747,19227174,8634092,0.776957547,0.992687162,0.445772857,6663442,12705373,0.412808666,302620,18238,38456,36.3803681,0.573741588,0.449056736,0.679562261,1.184439607,1.513310471,0.65597059,0.34402941
16_68,5,TOX16_K7_Rep1_CTRL_NAC_Border,TOX16,1,K7,1,190125,CTRL_NAC,Border,5456879,13092389,11365591,3649441,2.39924488,2.082800627,0.668778069,1190843,4266036,0.417988399,152837,9099,19382,36.27240143,0.278745231,0.321095577,0.855464183,3.068982306,2.664204193,0.781772145,0.218227855
16_69,6,TOX16_K7_Rep1_CTRL_NAC_Center,TOX16,1,K7,1,190125,CTRL_NAC,Center,27304728,47528928,36058728,16023823,1.74068491,1.320603816,0.586851588,15860205,11444523,0.375975821,556871,31271,64409,46.15722442,0.337138321,0.44438126,1.400130263,4.15298462,3.150741014,0.419140707,0.580859293
16_70,7,TOX16_K7_Rep1_CTRL_Center,TOX16,1,K7,1,190125,CTRL,Center,32159175,35462744,40678057,21638962,1.102725552,1.264897405,0.672870557,20746901,11412274,0.369593005,680869,40889,82491,48.67724868,0.610188597,0.531956627,1.89611308,3.107421361,3.564412929,0.35486837,0.64513163
16_82,3,TOX16_T129_Rep1_6OHDA_Center,TOX16,3,T129,1,190125,6OHDA,Center,2618287,9033796,9921793,596068,3.450269585,3.789421481,0.227655715,247958,2370329,0.432593261,28564,1318,2912,17.34627832,0.065982008,0.060076641,0.251470576,3.811199205,4.185829478,0.905297624,0.094702376
16_83,4,TOX16_T129_Rep1_CTRL_NAC_Center,TOX16,3,T129,1,190125,CTRL_NAC,Center,9719719,12046234,15401788,2461868,1.239360315,1.5845919,0.253285923,3199098,6520621,0.427390908,121290,4351,9481,21.23824451,0.20436827,0.159843,0.377551157,1.847405945,2.362012452,0.670865176,0.329134824
16_84,5,TOX16_T129_Rep1_CTRL_NAC_Border,TOX16,3,T129,1,190125,CTRL_NAC,Border,17177318,19302466,22069267,5716610,1.123718266,1.2847912,0.332799917,8566215,8611103,0.400639365,271843,13473,28581,40.58524173,0.296159568,0.259030352,0.663865012,2.241578808,2.562885033,0.501306607,0.498693393
16_85,6,TOX16_T129_Rep1_CTRL_Center,TOX16,3,T129,1,190125,CTRL,Center,11546684,27801489,25872387,6695020,2.407746588,2.240676804,0.579821878,3550455,7996229,0.385400342,287763,12264,26727,47.16548084,0.240815159,0.258770866,0.837272169,3.476825013,3.235573543,0.692513019,0.307486981
15_1,11,K7_CTRL_DMSO_Border1,TOX15,1,K7,2,181116,CTRL,Border,7252415,38308670,25572241,18295332,5.282194965,3.526031122,2.522653764,1276211,5976204,0.367533041,658888,37688,77238,78.15920398,0.477576799,0.71543718,3.061363367,6.410201191,4.279010723,0.824029513,0.175970487
15_2,4,K7_6OHDA_DMSO_Center1,TOX15,1,K7,2,181116,6OHDA,Center,17562215,19966601,18923334,13930138,1.136906763,1.077502695,0.793187989,7334521,10227694,0.347181844,578105,27287,58753,53.74507227,0.697671977,0.736135503,1.362001835,1.952209462,1.850205335,0.582369251,0.417630749
15_3,6,K7_CTRL_DMSO_Center1,TOX15,1,K7,2,181116,CTRL,Center,32757786,35366024,30997364,31042142,1.079621926,0.946259433,0.947626375,25551246,7206540,0.293728796,1043713,49559,101564,48.62619808,0.877739098,1.001444574,4.307495969,4.907490141,4.301282446,0.219994721,0.780005279
15_4,13,T129_6OHDA_DMSO_Border1,TOX15,2,T129,2,181116,6OHDA,Border,8695404,13495570,10913246,3387987,1.552034845,1.255059109,0.389629625,2877031,5818373,0.40563792,137552,8521,17824,22.57683215,0.25104438,0.310447231,0.582291132,2.319474877,1.875652523,0.669131992,0.330868008
15_5,14,K7_6OHDA_DMSO_Center2,TOX15,2,K7,2,181116,6OHDA,Border,12045444,10816473,7408647,8254533,0.89797213,0.615058025,0.685282585,573550,11471894,0.377412387,376820,16676,37003,53.99228258,0.763144604,1.114175503,0.719544044,0.942867237,0.64580853,0.952384487,0.047615513
15_6,18,T129_CTRL_DMSO_Border2,TOX15,2,T129,2,181116,CTRL,Border,17421251,20948095,12501120,13376412,1.202444933,0.717578778,0.767821553,3905763,13515488,0.371526385,586897,31557,65426,44.00895857,0.638550283,1.070017086,0.98970988,1.549932566,0.924947734,0.775804677,0.224195323
15_7,19,T129_CTRL_DMSO_Border1,TOX15,2,T129,2,181116,CTRL,Border,4935607,28423595,15371235,10698295,5.758885381,3.114355539,2.167574323,605662,4329945,0.380214137,453936,26208,54046,58.73968492,0.376387821,0.695994499,2.470769259,6.564424028,3.549983891,0.877287231,0.122712769
15_8,13,34769_6OHDA_DMSO_Border1,TOX15,3,34769,2,181116,6OHDA,Border,7044821,13701814,13380462,1465985,1.944948495,1.899333141,0.208094003,1224316,5820505,0.482532222,67093,4000,8768,21.27659574,0.106992038,0.109561613,0.251865603,2.354059313,2.298848983,0.826210489,0.173789511
15_9,14,T129_6OHDA_DMSO_Center2,TOX15,3,T129,2,181116,6OHDA,Center,28530892,22607517,19652635,8849995,0.792387318,0.688819508,0.310189916,14286594,14244298,0.406362828,362586,21407,44881,34.31803897,0.391462495,0.450321038,0.621300888,1.587127495,1.379684348,0.499258768,0.500741232
15_10,15,T129_6OHDA_DMSO_Center1,TOX15,3,T129,2,181116,6OHDA,Center,24514870,19986934,21403762,6333132,0.815298388,0.873093025,0.258338388,10561656,13953214,0.445219206,289147,15011,32853,22.11874272,0.316863607,0.295888732,0.453883385,1.432425103,1.53396644,0.569173485,0.430826515
15_11,17,T129_CTRL_DMSO_Center1,TOX15,3,T129,2,181116,CTRL,Center,24353301,19227489,12589190,14948036,0.789522907,0.516939777,0.613799172,11477476,12875825,0.304479599,746035,29998,65319,49.35251799,0.77743048,1.187370752,1.160938115,1.493301517,0.977738514,0.52870964,0.47129036
15_12,12,34769_6OHDA_DMSO_Center2,TOX15,4,34769,2,181116,6OHDA,Center,29702141,42245876,27033422,12839238,1.422317536,0.910150618,0.432266415,15355570,14346571,0.36022387,640680,30356,66490,33.15614618,0.303916955,0.474939429,0.894934267,2.944667126,1.884312426,0.483014709,0.516985291
15_13,13,34769_6OHDA_DMSO_Center1,TOX15,4,34769,2,181116,6OHDA,Center,14456325,13354118,5308575,2847786,0.923756072,0.367214697,0.196992389,2225369,12230956,0.489043418,181560,9572,21541,23.35526316,0.213251523,0.536450177,0.232834294,1.091829453,0.434027806,0.846062606,0.153937394
15_14,14,34769_6OHDA_DMSO_Border2,TOX15,4,34769,2,181116,6OHDA,Border,3689312,15767893,12736624,2347959,4.27393861,3.452303302,0.636421913,405338,3283974,0.453414647,107727,6288,13563,47.51348113,0.148907593,0.184347045,0.714974905,4.801467064,3.878418039,0.890131819,0.109868181
15_15,17,34769_CTRL_DMSO_Center1,TOX15,4,34769,2,181116,CTRL,Center,28480114,40729768,17842834,14855374,1.430112534,0.626501495,0.521605145,10536904,17943210,0.364630133,810789,39549,85296,30.997151,0.36473014,0.832568077,0.827910614,2.269926507,0.994405906,0.630025919,0.369974081
15_16,18,34769_CTRL_DMSO_Center2,TOX15,4,34769,2,181116,CTRL,Center,15890509,30282378,13948979,12515623,1.905689616,0.877818262,0.787616243,4112127,11778382,0.375660245,724878,34231,74655,40.49487025,0.413297232,0.897242945,1.062592723,2.571013404,1.184286517,0.741221191,0.258778809
